Model,Criterion,Yes,No,Quality Index
QuantFactory/Meta-Llama-3-8B-Instruct-GGUF/Meta-Llama-3-8B-Instruct.Q5_1.gguf,Atomic,105,0,1.0
QuantFactory/Meta-Llama-3-8B-Instruct-GGUF/Meta-Llama-3-8B-Instruct.Q5_1.gguf,Complete,105,0,1.0
QuantFactory/Meta-Llama-3-8B-Instruct-GGUF/Meta-Llama-3-8B-Instruct.Q5_1.gguf,Conceptually sound,105,0,1.0
QuantFactory/Meta-Llama-3-8B-Instruct-GGUF/Meta-Llama-3-8B-Instruct.Q5_1.gguf,Conflict-free,105,0,1.0
QuantFactory/Meta-Llama-3-8B-Instruct-GGUF/Meta-Llama-3-8B-Instruct.Q5_1.gguf,Estimatable,105,0,1.0
QuantFactory/Meta-Llama-3-8B-Instruct-GGUF/Meta-Llama-3-8B-Instruct.Q5_1.gguf,Full sentence,105,0,1.0
QuantFactory/Meta-Llama-3-8B-Instruct-GGUF/Meta-Llama-3-8B-Instruct.Q5_1.gguf,Independent,105,0,1.0
QuantFactory/Meta-Llama-3-8B-Instruct-GGUF/Meta-Llama-3-8B-Instruct.Q5_1.gguf,Minimal,34,71,0.3238095238095238
QuantFactory/Meta-Llama-3-8B-Instruct-GGUF/Meta-Llama-3-8B-Instruct.Q5_1.gguf,Problem-oriented,95,10,0.9047619047619048
QuantFactory/Meta-Llama-3-8B-Instruct-GGUF/Meta-Llama-3-8B-Instruct.Q5_1.gguf,Unambiguous,104,1,0.9904761904761905
QuantFactory/Meta-Llama-3-8B-Instruct-GGUF/Meta-Llama-3-8B-Instruct.Q5_1.gguf,Uniform,105,0,1.0
QuantFactory/Meta-Llama-3-8B-Instruct-GGUF/Meta-Llama-3-8B-Instruct.Q5_1.gguf,Unique,105,0,1.0
QuantFactory/Meta-Llama-3-8B-Instruct-GGUF/Meta-Llama-3-8B-Instruct.Q5_1.gguf,Well-formed,105,0,1.0
RichardErkhov/mistralai_-_Mistral-7B-Instruct-v0.3-gguf/Mistral-7B-Instruct-v0.3.Q6_K.gguf,Atomic,106,0,1.0
RichardErkhov/mistralai_-_Mistral-7B-Instruct-v0.3-gguf/Mistral-7B-Instruct-v0.3.Q6_K.gguf,Complete,106,0,1.0
RichardErkhov/mistralai_-_Mistral-7B-Instruct-v0.3-gguf/Mistral-7B-Instruct-v0.3.Q6_K.gguf,Conceptually sound,106,0,1.0
RichardErkhov/mistralai_-_Mistral-7B-Instruct-v0.3-gguf/Mistral-7B-Instruct-v0.3.Q6_K.gguf,Conflict-free,106,0,1.0
RichardErkhov/mistralai_-_Mistral-7B-Instruct-v0.3-gguf/Mistral-7B-Instruct-v0.3.Q6_K.gguf,Estimatable,106,0,1.0
RichardErkhov/mistralai_-_Mistral-7B-Instruct-v0.3-gguf/Mistral-7B-Instruct-v0.3.Q6_K.gguf,Full sentence,106,0,1.0
RichardErkhov/mistralai_-_Mistral-7B-Instruct-v0.3-gguf/Mistral-7B-Instruct-v0.3.Q6_K.gguf,Independent,106,0,1.0
RichardErkhov/mistralai_-_Mistral-7B-Instruct-v0.3-gguf/Mistral-7B-Instruct-v0.3.Q6_K.gguf,Minimal,51,55,0.4811320754716981
RichardErkhov/mistralai_-_Mistral-7B-Instruct-v0.3-gguf/Mistral-7B-Instruct-v0.3.Q6_K.gguf,Problem-oriented,106,0,1.0
RichardErkhov/mistralai_-_Mistral-7B-Instruct-v0.3-gguf/Mistral-7B-Instruct-v0.3.Q6_K.gguf,Unambiguous,106,0,1.0
RichardErkhov/mistralai_-_Mistral-7B-Instruct-v0.3-gguf/Mistral-7B-Instruct-v0.3.Q6_K.gguf,Uniform,106,0,1.0
RichardErkhov/mistralai_-_Mistral-7B-Instruct-v0.3-gguf/Mistral-7B-Instruct-v0.3.Q6_K.gguf,Unique,106,0,1.0
RichardErkhov/mistralai_-_Mistral-7B-Instruct-v0.3-gguf/Mistral-7B-Instruct-v0.3.Q6_K.gguf,Well-formed,106,0,1.0
TheBloke/Vicuna-7B-CoT-GGUF/vicuna-7b-cot.Q6_K.gguf,Atomic,31,8,0.7948717948717948
TheBloke/Vicuna-7B-CoT-GGUF/vicuna-7b-cot.Q6_K.gguf,Complete,31,3,0.9117647058823529
TheBloke/Vicuna-7B-CoT-GGUF/vicuna-7b-cot.Q6_K.gguf,Conceptually sound,31,5,0.8611111111111112
TheBloke/Vicuna-7B-CoT-GGUF/vicuna-7b-cot.Q6_K.gguf,Conflict-free,32,0,1.0
TheBloke/Vicuna-7B-CoT-GGUF/vicuna-7b-cot.Q6_K.gguf,Estimatable,32,3,0.9142857142857143
TheBloke/Vicuna-7B-CoT-GGUF/vicuna-7b-cot.Q6_K.gguf,Full sentence,32,3,0.9142857142857143
TheBloke/Vicuna-7B-CoT-GGUF/vicuna-7b-cot.Q6_K.gguf,Independent,32,0,1.0
TheBloke/Vicuna-7B-CoT-GGUF/vicuna-7b-cot.Q6_K.gguf,Minimal,6,30,0.16666666666666666
TheBloke/Vicuna-7B-CoT-GGUF/vicuna-7b-cot.Q6_K.gguf,Problem-oriented,26,9,0.7428571428571429
TheBloke/Vicuna-7B-CoT-GGUF/vicuna-7b-cot.Q6_K.gguf,Unambiguous,29,5,0.8529411764705882
TheBloke/Vicuna-7B-CoT-GGUF/vicuna-7b-cot.Q6_K.gguf,Uniform,32,2,0.9411764705882353
TheBloke/Vicuna-7B-CoT-GGUF/vicuna-7b-cot.Q6_K.gguf,Unique,32,0,1.0
TheBloke/Vicuna-7B-CoT-GGUF/vicuna-7b-cot.Q6_K.gguf,Well-formed,32,4,0.8888888888888888
lmstudio-ai/gemma-2b-it-GGUF/gemma-2b-it-q8_0.gguf,Atomic,61,4,0.9384615384615385
lmstudio-ai/gemma-2b-it-GGUF/gemma-2b-it-q8_0.gguf,Complete,33,32,0.5076923076923077
lmstudio-ai/gemma-2b-it-GGUF/gemma-2b-it-q8_0.gguf,Conceptually sound,39,26,0.6
lmstudio-ai/gemma-2b-it-GGUF/gemma-2b-it-q8_0.gguf,Conflict-free,50,15,0.7692307692307693
lmstudio-ai/gemma-2b-it-GGUF/gemma-2b-it-q8_0.gguf,Estimatable,50,15,0.7692307692307693
lmstudio-ai/gemma-2b-it-GGUF/gemma-2b-it-q8_0.gguf,Full sentence,53,12,0.8153846153846154
lmstudio-ai/gemma-2b-it-GGUF/gemma-2b-it-q8_0.gguf,Independent,65,0,1.0
lmstudio-ai/gemma-2b-it-GGUF/gemma-2b-it-q8_0.gguf,Minimal,11,54,0.16923076923076924
lmstudio-ai/gemma-2b-it-GGUF/gemma-2b-it-q8_0.gguf,Problem-oriented,30,35,0.46153846153846156
lmstudio-ai/gemma-2b-it-GGUF/gemma-2b-it-q8_0.gguf,Unambiguous,40,25,0.6153846153846154
lmstudio-ai/gemma-2b-it-GGUF/gemma-2b-it-q8_0.gguf,Uniform,45,20,0.6923076923076923
lmstudio-ai/gemma-2b-it-GGUF/gemma-2b-it-q8_0.gguf,Unique,65,0,1.0
lmstudio-ai/gemma-2b-it-GGUF/gemma-2b-it-q8_0.gguf,Well-formed,33,32,0.5076923076923077
microsoft/Phi-3-mini-4k-instruct-gguf/Phi-3-mini-4k-instruct-q4.gguf,Atomic,87,3,0.9666666666666667
microsoft/Phi-3-mini-4k-instruct-gguf/Phi-3-mini-4k-instruct-q4.gguf,Complete,80,10,0.8888888888888888
microsoft/Phi-3-mini-4k-instruct-gguf/Phi-3-mini-4k-instruct-q4.gguf,Conceptually sound,87,2,0.9775280898876404
microsoft/Phi-3-mini-4k-instruct-gguf/Phi-3-mini-4k-instruct-q4.gguf,Conflict-free,89,1,0.9888888888888889
microsoft/Phi-3-mini-4k-instruct-gguf/Phi-3-mini-4k-instruct-q4.gguf,Estimatable,88,2,0.9777777777777777
microsoft/Phi-3-mini-4k-instruct-gguf/Phi-3-mini-4k-instruct-q4.gguf,Full sentence,88,2,0.9777777777777777
microsoft/Phi-3-mini-4k-instruct-gguf/Phi-3-mini-4k-instruct-q4.gguf,Independent,89,1,0.9888888888888889
microsoft/Phi-3-mini-4k-instruct-gguf/Phi-3-mini-4k-instruct-q4.gguf,Minimal,36,54,0.4
microsoft/Phi-3-mini-4k-instruct-gguf/Phi-3-mini-4k-instruct-q4.gguf,Problem-oriented,79,11,0.8777777777777778
microsoft/Phi-3-mini-4k-instruct-gguf/Phi-3-mini-4k-instruct-q4.gguf,Unambiguous,71,19,0.7888888888888889
microsoft/Phi-3-mini-4k-instruct-gguf/Phi-3-mini-4k-instruct-q4.gguf,Uniform,89,2,0.978021978021978
microsoft/Phi-3-mini-4k-instruct-gguf/Phi-3-mini-4k-instruct-q4.gguf,Unique,88,2,0.9777777777777777
microsoft/Phi-3-mini-4k-instruct-gguf/Phi-3-mini-4k-instruct-q4.gguf,Well-formed,89,2,0.978021978021978
