Industry,Title,Model,Criterion,Yes,No,Total
Automotive,Parts Supplier Management,MaziyarPanahi/Llama-3-8B-Instruct-32k-v0.1-GGUF/Llama-3-8B-Instruct-32k-v0.1.Q5_K_M.gguf,Atomic,10,0,10
Automotive,Parts Supplier Management,MaziyarPanahi/Llama-3-8B-Instruct-32k-v0.1-GGUF/Llama-3-8B-Instruct-32k-v0.1.Q5_K_M.gguf,Minimal,10,0,10
Automotive,Parts Supplier Management,MaziyarPanahi/Llama-3-8B-Instruct-32k-v0.1-GGUF/Llama-3-8B-Instruct-32k-v0.1.Q5_K_M.gguf,Well-formed,10,0,10
Automotive,Parts Supplier Management,MaziyarPanahi/Llama-3-8B-Instruct-32k-v0.1-GGUF/Llama-3-8B-Instruct-32k-v0.1.Q5_K_M.gguf,Conflict-free,10,0,10
Automotive,Parts Supplier Management,MaziyarPanahi/Llama-3-8B-Instruct-32k-v0.1-GGUF/Llama-3-8B-Instruct-32k-v0.1.Q5_K_M.gguf,Conceptually sound,10,0,10
Automotive,Parts Supplier Management,MaziyarPanahi/Llama-3-8B-Instruct-32k-v0.1-GGUF/Llama-3-8B-Instruct-32k-v0.1.Q5_K_M.gguf,Problem-oriented,10,0,10
Automotive,Parts Supplier Management,MaziyarPanahi/Llama-3-8B-Instruct-32k-v0.1-GGUF/Llama-3-8B-Instruct-32k-v0.1.Q5_K_M.gguf,Unambiguous,10,0,10
Automotive,Parts Supplier Management,MaziyarPanahi/Llama-3-8B-Instruct-32k-v0.1-GGUF/Llama-3-8B-Instruct-32k-v0.1.Q5_K_M.gguf,Complete,10,0,10
Automotive,Parts Supplier Management,MaziyarPanahi/Llama-3-8B-Instruct-32k-v0.1-GGUF/Llama-3-8B-Instruct-32k-v0.1.Q5_K_M.gguf,Explicit dependencies,10,0,10
Automotive,Parts Supplier Management,MaziyarPanahi/Llama-3-8B-Instruct-32k-v0.1-GGUF/Llama-3-8B-Instruct-32k-v0.1.Q5_K_M.gguf,Full sentence,10,0,10
Automotive,Parts Supplier Management,MaziyarPanahi/Llama-3-8B-Instruct-32k-v0.1-GGUF/Llama-3-8B-Instruct-32k-v0.1.Q5_K_M.gguf,Independent,10,0,10
Automotive,Parts Supplier Management,MaziyarPanahi/Llama-3-8B-Instruct-32k-v0.1-GGUF/Llama-3-8B-Instruct-32k-v0.1.Q5_K_M.gguf,Scalable,10,0,10
Automotive,Parts Supplier Management,MaziyarPanahi/Llama-3-8B-Instruct-32k-v0.1-GGUF/Llama-3-8B-Instruct-32k-v0.1.Q5_K_M.gguf,Uniform,10,0,10
Automotive,Parts Supplier Management,MaziyarPanahi/Llama-3-8B-Instruct-32k-v0.1-GGUF/Llama-3-8B-Instruct-32k-v0.1.Q5_K_M.gguf,Unique,10,0,10
Food,Production Line Monitoring,MaziyarPanahi/Llama-3-8B-Instruct-32k-v0.1-GGUF/Llama-3-8B-Instruct-32k-v0.1.Q5_K_M.gguf,Atomic,8,0,8
Food,Production Line Monitoring,MaziyarPanahi/Llama-3-8B-Instruct-32k-v0.1-GGUF/Llama-3-8B-Instruct-32k-v0.1.Q5_K_M.gguf,Minimal,0,8,8
Food,Production Line Monitoring,MaziyarPanahi/Llama-3-8B-Instruct-32k-v0.1-GGUF/Llama-3-8B-Instruct-32k-v0.1.Q5_K_M.gguf,Well-formed,8,0,8
Food,Production Line Monitoring,MaziyarPanahi/Llama-3-8B-Instruct-32k-v0.1-GGUF/Llama-3-8B-Instruct-32k-v0.1.Q5_K_M.gguf,Conflict-free,8,0,8
Food,Production Line Monitoring,MaziyarPanahi/Llama-3-8B-Instruct-32k-v0.1-GGUF/Llama-3-8B-Instruct-32k-v0.1.Q5_K_M.gguf,Conceptually sound,8,0,8
Food,Production Line Monitoring,MaziyarPanahi/Llama-3-8B-Instruct-32k-v0.1-GGUF/Llama-3-8B-Instruct-32k-v0.1.Q5_K_M.gguf,Problem-oriented,8,0,8
Food,Production Line Monitoring,MaziyarPanahi/Llama-3-8B-Instruct-32k-v0.1-GGUF/Llama-3-8B-Instruct-32k-v0.1.Q5_K_M.gguf,Unambiguous,8,0,8
Food,Production Line Monitoring,MaziyarPanahi/Llama-3-8B-Instruct-32k-v0.1-GGUF/Llama-3-8B-Instruct-32k-v0.1.Q5_K_M.gguf,Complete,8,0,8
Food,Production Line Monitoring,MaziyarPanahi/Llama-3-8B-Instruct-32k-v0.1-GGUF/Llama-3-8B-Instruct-32k-v0.1.Q5_K_M.gguf,Explicit dependencies,8,0,8
Food,Production Line Monitoring,MaziyarPanahi/Llama-3-8B-Instruct-32k-v0.1-GGUF/Llama-3-8B-Instruct-32k-v0.1.Q5_K_M.gguf,Full sentence,8,0,8
Food,Production Line Monitoring,MaziyarPanahi/Llama-3-8B-Instruct-32k-v0.1-GGUF/Llama-3-8B-Instruct-32k-v0.1.Q5_K_M.gguf,Independent,8,0,8
Food,Production Line Monitoring,MaziyarPanahi/Llama-3-8B-Instruct-32k-v0.1-GGUF/Llama-3-8B-Instruct-32k-v0.1.Q5_K_M.gguf,Scalable,8,0,8
Food,Production Line Monitoring,MaziyarPanahi/Llama-3-8B-Instruct-32k-v0.1-GGUF/Llama-3-8B-Instruct-32k-v0.1.Q5_K_M.gguf,Uniform,8,0,8
Food,Production Line Monitoring,MaziyarPanahi/Llama-3-8B-Instruct-32k-v0.1-GGUF/Llama-3-8B-Instruct-32k-v0.1.Q5_K_M.gguf,Unique,8,0,8
Banking,Loan Processing,MaziyarPanahi/Llama-3-8B-Instruct-32k-v0.1-GGUF/Llama-3-8B-Instruct-32k-v0.1.Q5_K_M.gguf,Atomic,11,0,11
Banking,Loan Processing,MaziyarPanahi/Llama-3-8B-Instruct-32k-v0.1-GGUF/Llama-3-8B-Instruct-32k-v0.1.Q5_K_M.gguf,Minimal,0,11,11
Banking,Loan Processing,MaziyarPanahi/Llama-3-8B-Instruct-32k-v0.1-GGUF/Llama-3-8B-Instruct-32k-v0.1.Q5_K_M.gguf,Well-formed,10,1,11
Banking,Loan Processing,MaziyarPanahi/Llama-3-8B-Instruct-32k-v0.1-GGUF/Llama-3-8B-Instruct-32k-v0.1.Q5_K_M.gguf,Conflict-free,11,0,11
Banking,Loan Processing,MaziyarPanahi/Llama-3-8B-Instruct-32k-v0.1-GGUF/Llama-3-8B-Instruct-32k-v0.1.Q5_K_M.gguf,Conceptually sound,11,0,11
Banking,Loan Processing,MaziyarPanahi/Llama-3-8B-Instruct-32k-v0.1-GGUF/Llama-3-8B-Instruct-32k-v0.1.Q5_K_M.gguf,Problem-oriented,11,0,11
Banking,Loan Processing,MaziyarPanahi/Llama-3-8B-Instruct-32k-v0.1-GGUF/Llama-3-8B-Instruct-32k-v0.1.Q5_K_M.gguf,Unambiguous,11,0,11
Banking,Loan Processing,MaziyarPanahi/Llama-3-8B-Instruct-32k-v0.1-GGUF/Llama-3-8B-Instruct-32k-v0.1.Q5_K_M.gguf,Complete,11,0,11
Banking,Loan Processing,MaziyarPanahi/Llama-3-8B-Instruct-32k-v0.1-GGUF/Llama-3-8B-Instruct-32k-v0.1.Q5_K_M.gguf,Explicit dependencies,11,0,11
Banking,Loan Processing,MaziyarPanahi/Llama-3-8B-Instruct-32k-v0.1-GGUF/Llama-3-8B-Instruct-32k-v0.1.Q5_K_M.gguf,Full sentence,11,0,11
Banking,Loan Processing,MaziyarPanahi/Llama-3-8B-Instruct-32k-v0.1-GGUF/Llama-3-8B-Instruct-32k-v0.1.Q5_K_M.gguf,Independent,11,0,11
Banking,Loan Processing,MaziyarPanahi/Llama-3-8B-Instruct-32k-v0.1-GGUF/Llama-3-8B-Instruct-32k-v0.1.Q5_K_M.gguf,Scalable,11,0,11
Banking,Loan Processing,MaziyarPanahi/Llama-3-8B-Instruct-32k-v0.1-GGUF/Llama-3-8B-Instruct-32k-v0.1.Q5_K_M.gguf,Uniform,11,0,11
Banking,Loan Processing,MaziyarPanahi/Llama-3-8B-Instruct-32k-v0.1-GGUF/Llama-3-8B-Instruct-32k-v0.1.Q5_K_M.gguf,Unique,11,0,11
Insurance,Claim Filing,MaziyarPanahi/Llama-3-8B-Instruct-32k-v0.1-GGUF/Llama-3-8B-Instruct-32k-v0.1.Q5_K_M.gguf,Atomic,10,0,10
Insurance,Claim Filing,MaziyarPanahi/Llama-3-8B-Instruct-32k-v0.1-GGUF/Llama-3-8B-Instruct-32k-v0.1.Q5_K_M.gguf,Minimal,0,10,10
Insurance,Claim Filing,MaziyarPanahi/Llama-3-8B-Instruct-32k-v0.1-GGUF/Llama-3-8B-Instruct-32k-v0.1.Q5_K_M.gguf,Well-formed,10,0,10
Insurance,Claim Filing,MaziyarPanahi/Llama-3-8B-Instruct-32k-v0.1-GGUF/Llama-3-8B-Instruct-32k-v0.1.Q5_K_M.gguf,Conflict-free,10,0,10
Insurance,Claim Filing,MaziyarPanahi/Llama-3-8B-Instruct-32k-v0.1-GGUF/Llama-3-8B-Instruct-32k-v0.1.Q5_K_M.gguf,Conceptually sound,10,0,10
Insurance,Claim Filing,MaziyarPanahi/Llama-3-8B-Instruct-32k-v0.1-GGUF/Llama-3-8B-Instruct-32k-v0.1.Q5_K_M.gguf,Problem-oriented,10,0,10
Insurance,Claim Filing,MaziyarPanahi/Llama-3-8B-Instruct-32k-v0.1-GGUF/Llama-3-8B-Instruct-32k-v0.1.Q5_K_M.gguf,Unambiguous,10,0,10
Insurance,Claim Filing,MaziyarPanahi/Llama-3-8B-Instruct-32k-v0.1-GGUF/Llama-3-8B-Instruct-32k-v0.1.Q5_K_M.gguf,Complete,10,0,10
Insurance,Claim Filing,MaziyarPanahi/Llama-3-8B-Instruct-32k-v0.1-GGUF/Llama-3-8B-Instruct-32k-v0.1.Q5_K_M.gguf,Explicit dependencies,10,0,10
Insurance,Claim Filing,MaziyarPanahi/Llama-3-8B-Instruct-32k-v0.1-GGUF/Llama-3-8B-Instruct-32k-v0.1.Q5_K_M.gguf,Full sentence,10,0,10
Insurance,Claim Filing,MaziyarPanahi/Llama-3-8B-Instruct-32k-v0.1-GGUF/Llama-3-8B-Instruct-32k-v0.1.Q5_K_M.gguf,Independent,10,0,10
Insurance,Claim Filing,MaziyarPanahi/Llama-3-8B-Instruct-32k-v0.1-GGUF/Llama-3-8B-Instruct-32k-v0.1.Q5_K_M.gguf,Scalable,10,0,10
Insurance,Claim Filing,MaziyarPanahi/Llama-3-8B-Instruct-32k-v0.1-GGUF/Llama-3-8B-Instruct-32k-v0.1.Q5_K_M.gguf,Uniform,10,0,10
Insurance,Claim Filing,MaziyarPanahi/Llama-3-8B-Instruct-32k-v0.1-GGUF/Llama-3-8B-Instruct-32k-v0.1.Q5_K_M.gguf,Unique,10,0,10
Healthcare,Patient Appointment,MaziyarPanahi/Llama-3-8B-Instruct-32k-v0.1-GGUF/Llama-3-8B-Instruct-32k-v0.1.Q5_K_M.gguf,Atomic,12,0,12
Healthcare,Patient Appointment,MaziyarPanahi/Llama-3-8B-Instruct-32k-v0.1-GGUF/Llama-3-8B-Instruct-32k-v0.1.Q5_K_M.gguf,Minimal,0,12,12
Healthcare,Patient Appointment,MaziyarPanahi/Llama-3-8B-Instruct-32k-v0.1-GGUF/Llama-3-8B-Instruct-32k-v0.1.Q5_K_M.gguf,Well-formed,12,0,12
Healthcare,Patient Appointment,MaziyarPanahi/Llama-3-8B-Instruct-32k-v0.1-GGUF/Llama-3-8B-Instruct-32k-v0.1.Q5_K_M.gguf,Conflict-free,12,0,12
Healthcare,Patient Appointment,MaziyarPanahi/Llama-3-8B-Instruct-32k-v0.1-GGUF/Llama-3-8B-Instruct-32k-v0.1.Q5_K_M.gguf,Conceptually sound,12,0,12
Healthcare,Patient Appointment,MaziyarPanahi/Llama-3-8B-Instruct-32k-v0.1-GGUF/Llama-3-8B-Instruct-32k-v0.1.Q5_K_M.gguf,Problem-oriented,12,0,12
Healthcare,Patient Appointment,MaziyarPanahi/Llama-3-8B-Instruct-32k-v0.1-GGUF/Llama-3-8B-Instruct-32k-v0.1.Q5_K_M.gguf,Unambiguous,11,1,12
Healthcare,Patient Appointment,MaziyarPanahi/Llama-3-8B-Instruct-32k-v0.1-GGUF/Llama-3-8B-Instruct-32k-v0.1.Q5_K_M.gguf,Complete,11,1,12
Healthcare,Patient Appointment,MaziyarPanahi/Llama-3-8B-Instruct-32k-v0.1-GGUF/Llama-3-8B-Instruct-32k-v0.1.Q5_K_M.gguf,Explicit dependencies,0,12,12
Healthcare,Patient Appointment,MaziyarPanahi/Llama-3-8B-Instruct-32k-v0.1-GGUF/Llama-3-8B-Instruct-32k-v0.1.Q5_K_M.gguf,Full sentence,12,0,12
Healthcare,Patient Appointment,MaziyarPanahi/Llama-3-8B-Instruct-32k-v0.1-GGUF/Llama-3-8B-Instruct-32k-v0.1.Q5_K_M.gguf,Independent,12,0,12
Healthcare,Patient Appointment,MaziyarPanahi/Llama-3-8B-Instruct-32k-v0.1-GGUF/Llama-3-8B-Instruct-32k-v0.1.Q5_K_M.gguf,Scalable,11,1,12
Healthcare,Patient Appointment,MaziyarPanahi/Llama-3-8B-Instruct-32k-v0.1-GGUF/Llama-3-8B-Instruct-32k-v0.1.Q5_K_M.gguf,Uniform,12,0,12
Healthcare,Patient Appointment,MaziyarPanahi/Llama-3-8B-Instruct-32k-v0.1-GGUF/Llama-3-8B-Instruct-32k-v0.1.Q5_K_M.gguf,Unique,12,0,12
Public Sector,Voter Registration,MaziyarPanahi/Llama-3-8B-Instruct-32k-v0.1-GGUF/Llama-3-8B-Instruct-32k-v0.1.Q5_K_M.gguf,Atomic,7,0,7
Public Sector,Voter Registration,MaziyarPanahi/Llama-3-8B-Instruct-32k-v0.1-GGUF/Llama-3-8B-Instruct-32k-v0.1.Q5_K_M.gguf,Minimal,1,0,1
Public Sector,Voter Registration,MaziyarPanahi/Llama-3-8B-Instruct-32k-v0.1-GGUF/Llama-3-8B-Instruct-32k-v0.1.Q5_K_M.gguf,Well-formed,7,0,7
Public Sector,Voter Registration,MaziyarPanahi/Llama-3-8B-Instruct-32k-v0.1-GGUF/Llama-3-8B-Instruct-32k-v0.1.Q5_K_M.gguf,Conflict-free,1,0,1
Public Sector,Voter Registration,MaziyarPanahi/Llama-3-8B-Instruct-32k-v0.1-GGUF/Llama-3-8B-Instruct-32k-v0.1.Q5_K_M.gguf,Conceptually sound,1,0,1
Public Sector,Voter Registration,MaziyarPanahi/Llama-3-8B-Instruct-32k-v0.1-GGUF/Llama-3-8B-Instruct-32k-v0.1.Q5_K_M.gguf,Problem-oriented,7,0,7
Public Sector,Voter Registration,MaziyarPanahi/Llama-3-8B-Instruct-32k-v0.1-GGUF/Llama-3-8B-Instruct-32k-v0.1.Q5_K_M.gguf,Unambiguous,3,0,3
Public Sector,Voter Registration,MaziyarPanahi/Llama-3-8B-Instruct-32k-v0.1-GGUF/Llama-3-8B-Instruct-32k-v0.1.Q5_K_M.gguf,Complete,1,0,1
Public Sector,Voter Registration,MaziyarPanahi/Llama-3-8B-Instruct-32k-v0.1-GGUF/Llama-3-8B-Instruct-32k-v0.1.Q5_K_M.gguf,Explicit dependencies,1,0,1
Public Sector,Voter Registration,MaziyarPanahi/Llama-3-8B-Instruct-32k-v0.1-GGUF/Llama-3-8B-Instruct-32k-v0.1.Q5_K_M.gguf,Full sentence,7,0,7
Public Sector,Voter Registration,MaziyarPanahi/Llama-3-8B-Instruct-32k-v0.1-GGUF/Llama-3-8B-Instruct-32k-v0.1.Q5_K_M.gguf,Independent,7,0,7
Public Sector,Voter Registration,MaziyarPanahi/Llama-3-8B-Instruct-32k-v0.1-GGUF/Llama-3-8B-Instruct-32k-v0.1.Q5_K_M.gguf,Scalable,7,0,7
Public Sector,Voter Registration,MaziyarPanahi/Llama-3-8B-Instruct-32k-v0.1-GGUF/Llama-3-8B-Instruct-32k-v0.1.Q5_K_M.gguf,Uniform,4,0,4
Public Sector,Voter Registration,MaziyarPanahi/Llama-3-8B-Instruct-32k-v0.1-GGUF/Llama-3-8B-Instruct-32k-v0.1.Q5_K_M.gguf,Unique,1,0,1
Travel & Logistics,Shipment Tracking,MaziyarPanahi/Llama-3-8B-Instruct-32k-v0.1-GGUF/Llama-3-8B-Instruct-32k-v0.1.Q5_K_M.gguf,Atomic,9,0,9
Travel & Logistics,Shipment Tracking,MaziyarPanahi/Llama-3-8B-Instruct-32k-v0.1-GGUF/Llama-3-8B-Instruct-32k-v0.1.Q5_K_M.gguf,Minimal,9,0,9
Travel & Logistics,Shipment Tracking,MaziyarPanahi/Llama-3-8B-Instruct-32k-v0.1-GGUF/Llama-3-8B-Instruct-32k-v0.1.Q5_K_M.gguf,Well-formed,9,0,9
Travel & Logistics,Shipment Tracking,MaziyarPanahi/Llama-3-8B-Instruct-32k-v0.1-GGUF/Llama-3-8B-Instruct-32k-v0.1.Q5_K_M.gguf,Conflict-free,9,0,9
Travel & Logistics,Shipment Tracking,MaziyarPanahi/Llama-3-8B-Instruct-32k-v0.1-GGUF/Llama-3-8B-Instruct-32k-v0.1.Q5_K_M.gguf,Conceptually sound,9,0,9
Travel & Logistics,Shipment Tracking,MaziyarPanahi/Llama-3-8B-Instruct-32k-v0.1-GGUF/Llama-3-8B-Instruct-32k-v0.1.Q5_K_M.gguf,Problem-oriented,9,0,9
Travel & Logistics,Shipment Tracking,MaziyarPanahi/Llama-3-8B-Instruct-32k-v0.1-GGUF/Llama-3-8B-Instruct-32k-v0.1.Q5_K_M.gguf,Unambiguous,9,0,9
Travel & Logistics,Shipment Tracking,MaziyarPanahi/Llama-3-8B-Instruct-32k-v0.1-GGUF/Llama-3-8B-Instruct-32k-v0.1.Q5_K_M.gguf,Complete,9,0,9
Travel & Logistics,Shipment Tracking,MaziyarPanahi/Llama-3-8B-Instruct-32k-v0.1-GGUF/Llama-3-8B-Instruct-32k-v0.1.Q5_K_M.gguf,Explicit dependencies,8,1,9
Travel & Logistics,Shipment Tracking,MaziyarPanahi/Llama-3-8B-Instruct-32k-v0.1-GGUF/Llama-3-8B-Instruct-32k-v0.1.Q5_K_M.gguf,Full sentence,9,0,9
Travel & Logistics,Shipment Tracking,MaziyarPanahi/Llama-3-8B-Instruct-32k-v0.1-GGUF/Llama-3-8B-Instruct-32k-v0.1.Q5_K_M.gguf,Independent,9,0,9
Travel & Logistics,Shipment Tracking,MaziyarPanahi/Llama-3-8B-Instruct-32k-v0.1-GGUF/Llama-3-8B-Instruct-32k-v0.1.Q5_K_M.gguf,Scalable,9,0,9
Travel & Logistics,Shipment Tracking,MaziyarPanahi/Llama-3-8B-Instruct-32k-v0.1-GGUF/Llama-3-8B-Instruct-32k-v0.1.Q5_K_M.gguf,Uniform,9,0,9
Travel & Logistics,Shipment Tracking,MaziyarPanahi/Llama-3-8B-Instruct-32k-v0.1-GGUF/Llama-3-8B-Instruct-32k-v0.1.Q5_K_M.gguf,Unique,9,0,9
Telecommunications,Service Ticket Resolution,MaziyarPanahi/Llama-3-8B-Instruct-32k-v0.1-GGUF/Llama-3-8B-Instruct-32k-v0.1.Q5_K_M.gguf,Atomic,12,0,12
Telecommunications,Service Ticket Resolution,MaziyarPanahi/Llama-3-8B-Instruct-32k-v0.1-GGUF/Llama-3-8B-Instruct-32k-v0.1.Q5_K_M.gguf,Minimal,0,12,12
Telecommunications,Service Ticket Resolution,MaziyarPanahi/Llama-3-8B-Instruct-32k-v0.1-GGUF/Llama-3-8B-Instruct-32k-v0.1.Q5_K_M.gguf,Well-formed,12,0,12
Telecommunications,Service Ticket Resolution,MaziyarPanahi/Llama-3-8B-Instruct-32k-v0.1-GGUF/Llama-3-8B-Instruct-32k-v0.1.Q5_K_M.gguf,Conflict-free,12,0,12
Telecommunications,Service Ticket Resolution,MaziyarPanahi/Llama-3-8B-Instruct-32k-v0.1-GGUF/Llama-3-8B-Instruct-32k-v0.1.Q5_K_M.gguf,Conceptually sound,12,0,12
Telecommunications,Service Ticket Resolution,MaziyarPanahi/Llama-3-8B-Instruct-32k-v0.1-GGUF/Llama-3-8B-Instruct-32k-v0.1.Q5_K_M.gguf,Problem-oriented,11,0,11
Telecommunications,Service Ticket Resolution,MaziyarPanahi/Llama-3-8B-Instruct-32k-v0.1-GGUF/Llama-3-8B-Instruct-32k-v0.1.Q5_K_M.gguf,Unambiguous,12,0,12
Telecommunications,Service Ticket Resolution,MaziyarPanahi/Llama-3-8B-Instruct-32k-v0.1-GGUF/Llama-3-8B-Instruct-32k-v0.1.Q5_K_M.gguf,Complete,12,0,12
Telecommunications,Service Ticket Resolution,MaziyarPanahi/Llama-3-8B-Instruct-32k-v0.1-GGUF/Llama-3-8B-Instruct-32k-v0.1.Q5_K_M.gguf,Explicit dependencies,11,0,11
Telecommunications,Service Ticket Resolution,MaziyarPanahi/Llama-3-8B-Instruct-32k-v0.1-GGUF/Llama-3-8B-Instruct-32k-v0.1.Q5_K_M.gguf,Full sentence,21,0,21
Telecommunications,Service Ticket Resolution,MaziyarPanahi/Llama-3-8B-Instruct-32k-v0.1-GGUF/Llama-3-8B-Instruct-32k-v0.1.Q5_K_M.gguf,Independent,13,0,13
Telecommunications,Service Ticket Resolution,MaziyarPanahi/Llama-3-8B-Instruct-32k-v0.1-GGUF/Llama-3-8B-Instruct-32k-v0.1.Q5_K_M.gguf,Scalable,12,0,12
Telecommunications,Service Ticket Resolution,MaziyarPanahi/Llama-3-8B-Instruct-32k-v0.1-GGUF/Llama-3-8B-Instruct-32k-v0.1.Q5_K_M.gguf,Uniform,21,0,21
Telecommunications,Service Ticket Resolution,MaziyarPanahi/Llama-3-8B-Instruct-32k-v0.1-GGUF/Llama-3-8B-Instruct-32k-v0.1.Q5_K_M.gguf,Unique,10,0,10
Corporate IT,Software Update Deployment,MaziyarPanahi/Llama-3-8B-Instruct-32k-v0.1-GGUF/Llama-3-8B-Instruct-32k-v0.1.Q5_K_M.gguf,Atomic,13,0,13
Corporate IT,Software Update Deployment,MaziyarPanahi/Llama-3-8B-Instruct-32k-v0.1-GGUF/Llama-3-8B-Instruct-32k-v0.1.Q5_K_M.gguf,Minimal,0,13,13
Corporate IT,Software Update Deployment,MaziyarPanahi/Llama-3-8B-Instruct-32k-v0.1-GGUF/Llama-3-8B-Instruct-32k-v0.1.Q5_K_M.gguf,Well-formed,13,0,13
Corporate IT,Software Update Deployment,MaziyarPanahi/Llama-3-8B-Instruct-32k-v0.1-GGUF/Llama-3-8B-Instruct-32k-v0.1.Q5_K_M.gguf,Conflict-free,13,0,13
Corporate IT,Software Update Deployment,MaziyarPanahi/Llama-3-8B-Instruct-32k-v0.1-GGUF/Llama-3-8B-Instruct-32k-v0.1.Q5_K_M.gguf,Conceptually sound,13,0,13
Corporate IT,Software Update Deployment,MaziyarPanahi/Llama-3-8B-Instruct-32k-v0.1-GGUF/Llama-3-8B-Instruct-32k-v0.1.Q5_K_M.gguf,Problem-oriented,13,0,13
Corporate IT,Software Update Deployment,MaziyarPanahi/Llama-3-8B-Instruct-32k-v0.1-GGUF/Llama-3-8B-Instruct-32k-v0.1.Q5_K_M.gguf,Unambiguous,13,0,13
Corporate IT,Software Update Deployment,MaziyarPanahi/Llama-3-8B-Instruct-32k-v0.1-GGUF/Llama-3-8B-Instruct-32k-v0.1.Q5_K_M.gguf,Complete,13,0,13
Corporate IT,Software Update Deployment,MaziyarPanahi/Llama-3-8B-Instruct-32k-v0.1-GGUF/Llama-3-8B-Instruct-32k-v0.1.Q5_K_M.gguf,Explicit dependencies,13,0,13
Corporate IT,Software Update Deployment,MaziyarPanahi/Llama-3-8B-Instruct-32k-v0.1-GGUF/Llama-3-8B-Instruct-32k-v0.1.Q5_K_M.gguf,Full sentence,13,0,13
Corporate IT,Software Update Deployment,MaziyarPanahi/Llama-3-8B-Instruct-32k-v0.1-GGUF/Llama-3-8B-Instruct-32k-v0.1.Q5_K_M.gguf,Independent,13,0,13
Corporate IT,Software Update Deployment,MaziyarPanahi/Llama-3-8B-Instruct-32k-v0.1-GGUF/Llama-3-8B-Instruct-32k-v0.1.Q5_K_M.gguf,Scalable,13,0,13
Corporate IT,Software Update Deployment,MaziyarPanahi/Llama-3-8B-Instruct-32k-v0.1-GGUF/Llama-3-8B-Instruct-32k-v0.1.Q5_K_M.gguf,Uniform,13,0,13
Corporate IT,Software Update Deployment,MaziyarPanahi/Llama-3-8B-Instruct-32k-v0.1-GGUF/Llama-3-8B-Instruct-32k-v0.1.Q5_K_M.gguf,Unique,13,0,13
Consumer Products | New Data Solutions,Purchase Data Analysis,MaziyarPanahi/Llama-3-8B-Instruct-32k-v0.1-GGUF/Llama-3-8B-Instruct-32k-v0.1.Q5_K_M.gguf,Atomic,8,0,8
Consumer Products | New Data Solutions,Purchase Data Analysis,MaziyarPanahi/Llama-3-8B-Instruct-32k-v0.1-GGUF/Llama-3-8B-Instruct-32k-v0.1.Q5_K_M.gguf,Minimal,0,8,8
Consumer Products | New Data Solutions,Purchase Data Analysis,MaziyarPanahi/Llama-3-8B-Instruct-32k-v0.1-GGUF/Llama-3-8B-Instruct-32k-v0.1.Q5_K_M.gguf,Well-formed,8,0,8
Consumer Products | New Data Solutions,Purchase Data Analysis,MaziyarPanahi/Llama-3-8B-Instruct-32k-v0.1-GGUF/Llama-3-8B-Instruct-32k-v0.1.Q5_K_M.gguf,Conflict-free,8,0,8
Consumer Products | New Data Solutions,Purchase Data Analysis,MaziyarPanahi/Llama-3-8B-Instruct-32k-v0.1-GGUF/Llama-3-8B-Instruct-32k-v0.1.Q5_K_M.gguf,Conceptually sound,8,0,8
Consumer Products | New Data Solutions,Purchase Data Analysis,MaziyarPanahi/Llama-3-8B-Instruct-32k-v0.1-GGUF/Llama-3-8B-Instruct-32k-v0.1.Q5_K_M.gguf,Problem-oriented,8,0,8
Consumer Products | New Data Solutions,Purchase Data Analysis,MaziyarPanahi/Llama-3-8B-Instruct-32k-v0.1-GGUF/Llama-3-8B-Instruct-32k-v0.1.Q5_K_M.gguf,Unambiguous,3,5,8
Consumer Products | New Data Solutions,Purchase Data Analysis,MaziyarPanahi/Llama-3-8B-Instruct-32k-v0.1-GGUF/Llama-3-8B-Instruct-32k-v0.1.Q5_K_M.gguf,Complete,0,8,8
Consumer Products | New Data Solutions,Purchase Data Analysis,MaziyarPanahi/Llama-3-8B-Instruct-32k-v0.1-GGUF/Llama-3-8B-Instruct-32k-v0.1.Q5_K_M.gguf,Explicit dependencies,8,0,8
Consumer Products | New Data Solutions,Purchase Data Analysis,MaziyarPanahi/Llama-3-8B-Instruct-32k-v0.1-GGUF/Llama-3-8B-Instruct-32k-v0.1.Q5_K_M.gguf,Full sentence,8,0,8
Consumer Products | New Data Solutions,Purchase Data Analysis,MaziyarPanahi/Llama-3-8B-Instruct-32k-v0.1-GGUF/Llama-3-8B-Instruct-32k-v0.1.Q5_K_M.gguf,Independent,8,0,8
Consumer Products | New Data Solutions,Purchase Data Analysis,MaziyarPanahi/Llama-3-8B-Instruct-32k-v0.1-GGUF/Llama-3-8B-Instruct-32k-v0.1.Q5_K_M.gguf,Scalable,0,8,8
Consumer Products | New Data Solutions,Purchase Data Analysis,MaziyarPanahi/Llama-3-8B-Instruct-32k-v0.1-GGUF/Llama-3-8B-Instruct-32k-v0.1.Q5_K_M.gguf,Uniform,0,8,8
Consumer Products | New Data Solutions,Purchase Data Analysis,MaziyarPanahi/Llama-3-8B-Instruct-32k-v0.1-GGUF/Llama-3-8B-Instruct-32k-v0.1.Q5_K_M.gguf,Unique,8,0,8
Automotive,Parts Supplier Management,microsoft/Phi-3-mini-4k-instruct-gguf/Phi-3-mini-4k-instruct-q4.gguf,Atomic,9,0,9
Automotive,Parts Supplier Management,microsoft/Phi-3-mini-4k-instruct-gguf/Phi-3-mini-4k-instruct-q4.gguf,Minimal,9,0,9
Automotive,Parts Supplier Management,microsoft/Phi-3-mini-4k-instruct-gguf/Phi-3-mini-4k-instruct-q4.gguf,Well-formed,9,0,9
Automotive,Parts Supplier Management,microsoft/Phi-3-mini-4k-instruct-gguf/Phi-3-mini-4k-instruct-q4.gguf,Conflict-free,9,0,9
Automotive,Parts Supplier Management,microsoft/Phi-3-mini-4k-instruct-gguf/Phi-3-mini-4k-instruct-q4.gguf,Conceptually sound,9,0,9
Automotive,Parts Supplier Management,microsoft/Phi-3-mini-4k-instruct-gguf/Phi-3-mini-4k-instruct-q4.gguf,Problem-oriented,9,0,9
Automotive,Parts Supplier Management,microsoft/Phi-3-mini-4k-instruct-gguf/Phi-3-mini-4k-instruct-q4.gguf,Unambiguous,9,0,9
Automotive,Parts Supplier Management,microsoft/Phi-3-mini-4k-instruct-gguf/Phi-3-mini-4k-instruct-q4.gguf,Complete,9,0,9
Automotive,Parts Supplier Management,microsoft/Phi-3-mini-4k-instruct-gguf/Phi-3-mini-4k-instruct-q4.gguf,Explicit dependencies,9,0,9
Automotive,Parts Supplier Management,microsoft/Phi-3-mini-4k-instruct-gguf/Phi-3-mini-4k-instruct-q4.gguf,Full sentence,9,0,9
Automotive,Parts Supplier Management,microsoft/Phi-3-mini-4k-instruct-gguf/Phi-3-mini-4k-instruct-q4.gguf,Independent,9,0,9
Automotive,Parts Supplier Management,microsoft/Phi-3-mini-4k-instruct-gguf/Phi-3-mini-4k-instruct-q4.gguf,Scalable,9,0,9
Automotive,Parts Supplier Management,microsoft/Phi-3-mini-4k-instruct-gguf/Phi-3-mini-4k-instruct-q4.gguf,Uniform,9,0,9
Automotive,Parts Supplier Management,microsoft/Phi-3-mini-4k-instruct-gguf/Phi-3-mini-4k-instruct-q4.gguf,Unique,9,0,9
Food,Production Line Monitoring,microsoft/Phi-3-mini-4k-instruct-gguf/Phi-3-mini-4k-instruct-q4.gguf,Atomic,9,1,10
Food,Production Line Monitoring,microsoft/Phi-3-mini-4k-instruct-gguf/Phi-3-mini-4k-instruct-q4.gguf,Minimal,1,9,10
Food,Production Line Monitoring,microsoft/Phi-3-mini-4k-instruct-gguf/Phi-3-mini-4k-instruct-q4.gguf,Well-formed,9,1,10
Food,Production Line Monitoring,microsoft/Phi-3-mini-4k-instruct-gguf/Phi-3-mini-4k-instruct-q4.gguf,Conflict-free,9,0,9
Food,Production Line Monitoring,microsoft/Phi-3-mini-4k-instruct-gguf/Phi-3-mini-4k-instruct-q4.gguf,Conceptually sound,9,0,9
Food,Production Line Monitoring,microsoft/Phi-3-mini-4k-instruct-gguf/Phi-3-mini-4k-instruct-q4.gguf,Problem-oriented,9,0,9
Food,Production Line Monitoring,microsoft/Phi-3-mini-4k-instruct-gguf/Phi-3-mini-4k-instruct-q4.gguf,Unambiguous,9,1,10
Food,Production Line Monitoring,microsoft/Phi-3-mini-4k-instruct-gguf/Phi-3-mini-4k-instruct-q4.gguf,Complete,9,0,9
Food,Production Line Monitoring,microsoft/Phi-3-mini-4k-instruct-gguf/Phi-3-mini-4k-instruct-q4.gguf,Explicit dependencies,9,0,9
Food,Production Line Monitoring,microsoft/Phi-3-mini-4k-instruct-gguf/Phi-3-mini-4k-instruct-q4.gguf,Full sentence,9,1,10
Food,Production Line Monitoring,microsoft/Phi-3-mini-4k-instruct-gguf/Phi-3-mini-4k-instruct-q4.gguf,Independent,9,0,9
Food,Production Line Monitoring,microsoft/Phi-3-mini-4k-instruct-gguf/Phi-3-mini-4k-instruct-q4.gguf,Scalable,9,0,9
Food,Production Line Monitoring,microsoft/Phi-3-mini-4k-instruct-gguf/Phi-3-mini-4k-instruct-q4.gguf,Uniform,9,1,10
Food,Production Line Monitoring,microsoft/Phi-3-mini-4k-instruct-gguf/Phi-3-mini-4k-instruct-q4.gguf,Unique,9,1,10
Banking,Loan Processing,microsoft/Phi-3-mini-4k-instruct-gguf/Phi-3-mini-4k-instruct-q4.gguf,Atomic,10,0,10
Banking,Loan Processing,microsoft/Phi-3-mini-4k-instruct-gguf/Phi-3-mini-4k-instruct-q4.gguf,Minimal,0,10,10
Banking,Loan Processing,microsoft/Phi-3-mini-4k-instruct-gguf/Phi-3-mini-4k-instruct-q4.gguf,Well-formed,10,0,10
Banking,Loan Processing,microsoft/Phi-3-mini-4k-instruct-gguf/Phi-3-mini-4k-instruct-q4.gguf,Conflict-free,10,0,10
Banking,Loan Processing,microsoft/Phi-3-mini-4k-instruct-gguf/Phi-3-mini-4k-instruct-q4.gguf,Conceptually sound,10,0,10
Banking,Loan Processing,microsoft/Phi-3-mini-4k-instruct-gguf/Phi-3-mini-4k-instruct-q4.gguf,Problem-oriented,10,0,10
Banking,Loan Processing,microsoft/Phi-3-mini-4k-instruct-gguf/Phi-3-mini-4k-instruct-q4.gguf,Unambiguous,10,0,10
Banking,Loan Processing,microsoft/Phi-3-mini-4k-instruct-gguf/Phi-3-mini-4k-instruct-q4.gguf,Complete,10,0,10
Banking,Loan Processing,microsoft/Phi-3-mini-4k-instruct-gguf/Phi-3-mini-4k-instruct-q4.gguf,Explicit dependencies,10,0,10
Banking,Loan Processing,microsoft/Phi-3-mini-4k-instruct-gguf/Phi-3-mini-4k-instruct-q4.gguf,Full sentence,10,0,10
Banking,Loan Processing,microsoft/Phi-3-mini-4k-instruct-gguf/Phi-3-mini-4k-instruct-q4.gguf,Independent,10,0,10
Banking,Loan Processing,microsoft/Phi-3-mini-4k-instruct-gguf/Phi-3-mini-4k-instruct-q4.gguf,Scalable,10,0,10
Banking,Loan Processing,microsoft/Phi-3-mini-4k-instruct-gguf/Phi-3-mini-4k-instruct-q4.gguf,Uniform,10,0,10
Banking,Loan Processing,microsoft/Phi-3-mini-4k-instruct-gguf/Phi-3-mini-4k-instruct-q4.gguf,Unique,10,0,10
Insurance,Claim Filing,microsoft/Phi-3-mini-4k-instruct-gguf/Phi-3-mini-4k-instruct-q4.gguf,Atomic,10,0,10
Insurance,Claim Filing,microsoft/Phi-3-mini-4k-instruct-gguf/Phi-3-mini-4k-instruct-q4.gguf,Minimal,0,10,10
Insurance,Claim Filing,microsoft/Phi-3-mini-4k-instruct-gguf/Phi-3-mini-4k-instruct-q4.gguf,Well-formed,10,0,10
Insurance,Claim Filing,microsoft/Phi-3-mini-4k-instruct-gguf/Phi-3-mini-4k-instruct-q4.gguf,Conflict-free,10,0,10
Insurance,Claim Filing,microsoft/Phi-3-mini-4k-instruct-gguf/Phi-3-mini-4k-instruct-q4.gguf,Conceptually sound,10,0,10
Insurance,Claim Filing,microsoft/Phi-3-mini-4k-instruct-gguf/Phi-3-mini-4k-instruct-q4.gguf,Problem-oriented,10,0,10
Insurance,Claim Filing,microsoft/Phi-3-mini-4k-instruct-gguf/Phi-3-mini-4k-instruct-q4.gguf,Unambiguous,10,0,10
Insurance,Claim Filing,microsoft/Phi-3-mini-4k-instruct-gguf/Phi-3-mini-4k-instruct-q4.gguf,Complete,10,0,10
Insurance,Claim Filing,microsoft/Phi-3-mini-4k-instruct-gguf/Phi-3-mini-4k-instruct-q4.gguf,Explicit dependencies,10,0,10
Insurance,Claim Filing,microsoft/Phi-3-mini-4k-instruct-gguf/Phi-3-mini-4k-instruct-q4.gguf,Full sentence,10,0,10
Insurance,Claim Filing,microsoft/Phi-3-mini-4k-instruct-gguf/Phi-3-mini-4k-instruct-q4.gguf,Independent,10,0,10
Insurance,Claim Filing,microsoft/Phi-3-mini-4k-instruct-gguf/Phi-3-mini-4k-instruct-q4.gguf,Scalable,6,4,10
Insurance,Claim Filing,microsoft/Phi-3-mini-4k-instruct-gguf/Phi-3-mini-4k-instruct-q4.gguf,Uniform,10,0,10
Insurance,Claim Filing,microsoft/Phi-3-mini-4k-instruct-gguf/Phi-3-mini-4k-instruct-q4.gguf,Unique,10,0,10
Healthcare,Patient Appointment,microsoft/Phi-3-mini-4k-instruct-gguf/Phi-3-mini-4k-instruct-q4.gguf,Atomic,8,0,8
Healthcare,Patient Appointment,microsoft/Phi-3-mini-4k-instruct-gguf/Phi-3-mini-4k-instruct-q4.gguf,Minimal,0,8,8
Healthcare,Patient Appointment,microsoft/Phi-3-mini-4k-instruct-gguf/Phi-3-mini-4k-instruct-q4.gguf,Well-formed,8,0,8
Healthcare,Patient Appointment,microsoft/Phi-3-mini-4k-instruct-gguf/Phi-3-mini-4k-instruct-q4.gguf,Conflict-free,8,0,8
Healthcare,Patient Appointment,microsoft/Phi-3-mini-4k-instruct-gguf/Phi-3-mini-4k-instruct-q4.gguf,Conceptually sound,8,0,8
Healthcare,Patient Appointment,microsoft/Phi-3-mini-4k-instruct-gguf/Phi-3-mini-4k-instruct-q4.gguf,Problem-oriented,8,0,8
Healthcare,Patient Appointment,microsoft/Phi-3-mini-4k-instruct-gguf/Phi-3-mini-4k-instruct-q4.gguf,Unambiguous,7,1,8
Healthcare,Patient Appointment,microsoft/Phi-3-mini-4k-instruct-gguf/Phi-3-mini-4k-instruct-q4.gguf,Complete,1,7,8
Healthcare,Patient Appointment,microsoft/Phi-3-mini-4k-instruct-gguf/Phi-3-mini-4k-instruct-q4.gguf,Explicit dependencies,8,0,8
Healthcare,Patient Appointment,microsoft/Phi-3-mini-4k-instruct-gguf/Phi-3-mini-4k-instruct-q4.gguf,Full sentence,8,0,8
Healthcare,Patient Appointment,microsoft/Phi-3-mini-4k-instruct-gguf/Phi-3-mini-4k-instruct-q4.gguf,Independent,8,0,8
Healthcare,Patient Appointment,microsoft/Phi-3-mini-4k-instruct-gguf/Phi-3-mini-4k-instruct-q4.gguf,Scalable,8,0,8
Healthcare,Patient Appointment,microsoft/Phi-3-mini-4k-instruct-gguf/Phi-3-mini-4k-instruct-q4.gguf,Uniform,8,0,8
Healthcare,Patient Appointment,microsoft/Phi-3-mini-4k-instruct-gguf/Phi-3-mini-4k-instruct-q4.gguf,Unique,8,0,8
Public Sector,Voter Registration,microsoft/Phi-3-mini-4k-instruct-gguf/Phi-3-mini-4k-instruct-q4.gguf,Atomic,11,0,11
Public Sector,Voter Registration,microsoft/Phi-3-mini-4k-instruct-gguf/Phi-3-mini-4k-instruct-q4.gguf,Minimal,0,10,10
Public Sector,Voter Registration,microsoft/Phi-3-mini-4k-instruct-gguf/Phi-3-mini-4k-instruct-q4.gguf,Well-formed,10,0,10
Public Sector,Voter Registration,microsoft/Phi-3-mini-4k-instruct-gguf/Phi-3-mini-4k-instruct-q4.gguf,Conflict-free,10,0,10
Public Sector,Voter Registration,microsoft/Phi-3-mini-4k-instruct-gguf/Phi-3-mini-4k-instruct-q4.gguf,Conceptually sound,10,0,10
Public Sector,Voter Registration,microsoft/Phi-3-mini-4k-instruct-gguf/Phi-3-mini-4k-instruct-q4.gguf,Problem-oriented,10,0,10
Public Sector,Voter Registration,microsoft/Phi-3-mini-4k-instruct-gguf/Phi-3-mini-4k-instruct-q4.gguf,Unambiguous,10,0,10
Public Sector,Voter Registration,microsoft/Phi-3-mini-4k-instruct-gguf/Phi-3-mini-4k-instruct-q4.gguf,Complete,10,0,10
Public Sector,Voter Registration,microsoft/Phi-3-mini-4k-instruct-gguf/Phi-3-mini-4k-instruct-q4.gguf,Explicit dependencies,11,0,11
Public Sector,Voter Registration,microsoft/Phi-3-mini-4k-instruct-gguf/Phi-3-mini-4k-instruct-q4.gguf,Full sentence,11,0,11
Public Sector,Voter Registration,microsoft/Phi-3-mini-4k-instruct-gguf/Phi-3-mini-4k-instruct-q4.gguf,Independent,10,0,10
Public Sector,Voter Registration,microsoft/Phi-3-mini-4k-instruct-gguf/Phi-3-mini-4k-instruct-q4.gguf,Scalable,10,0,10
Public Sector,Voter Registration,microsoft/Phi-3-mini-4k-instruct-gguf/Phi-3-mini-4k-instruct-q4.gguf,Uniform,11,0,11
Public Sector,Voter Registration,microsoft/Phi-3-mini-4k-instruct-gguf/Phi-3-mini-4k-instruct-q4.gguf,Unique,11,0,11
Travel & Logistics,Shipment Tracking,microsoft/Phi-3-mini-4k-instruct-gguf/Phi-3-mini-4k-instruct-q4.gguf,Atomic,8,0,8
Travel & Logistics,Shipment Tracking,microsoft/Phi-3-mini-4k-instruct-gguf/Phi-3-mini-4k-instruct-q4.gguf,Minimal,0,8,8
Travel & Logistics,Shipment Tracking,microsoft/Phi-3-mini-4k-instruct-gguf/Phi-3-mini-4k-instruct-q4.gguf,Well-formed,8,0,8
Travel & Logistics,Shipment Tracking,microsoft/Phi-3-mini-4k-instruct-gguf/Phi-3-mini-4k-instruct-q4.gguf,Conflict-free,8,0,8
Travel & Logistics,Shipment Tracking,microsoft/Phi-3-mini-4k-instruct-gguf/Phi-3-mini-4k-instruct-q4.gguf,Conceptually sound,8,0,8
Travel & Logistics,Shipment Tracking,microsoft/Phi-3-mini-4k-instruct-gguf/Phi-3-mini-4k-instruct-q4.gguf,Problem-oriented,8,0,8
Travel & Logistics,Shipment Tracking,microsoft/Phi-3-mini-4k-instruct-gguf/Phi-3-mini-4k-instruct-q4.gguf,Unambiguous,8,0,8
Travel & Logistics,Shipment Tracking,microsoft/Phi-3-mini-4k-instruct-gguf/Phi-3-mini-4k-instruct-q4.gguf,Complete,8,0,8
Travel & Logistics,Shipment Tracking,microsoft/Phi-3-mini-4k-instruct-gguf/Phi-3-mini-4k-instruct-q4.gguf,Explicit dependencies,8,0,8
Travel & Logistics,Shipment Tracking,microsoft/Phi-3-mini-4k-instruct-gguf/Phi-3-mini-4k-instruct-q4.gguf,Full sentence,8,0,8
Travel & Logistics,Shipment Tracking,microsoft/Phi-3-mini-4k-instruct-gguf/Phi-3-mini-4k-instruct-q4.gguf,Independent,8,0,8
Travel & Logistics,Shipment Tracking,microsoft/Phi-3-mini-4k-instruct-gguf/Phi-3-mini-4k-instruct-q4.gguf,Scalable,8,0,8
Travel & Logistics,Shipment Tracking,microsoft/Phi-3-mini-4k-instruct-gguf/Phi-3-mini-4k-instruct-q4.gguf,Uniform,8,0,8
Travel & Logistics,Shipment Tracking,microsoft/Phi-3-mini-4k-instruct-gguf/Phi-3-mini-4k-instruct-q4.gguf,Unique,8,0,8
Telecommunications,Service Ticket Resolution,microsoft/Phi-3-mini-4k-instruct-gguf/Phi-3-mini-4k-instruct-q4.gguf,Atomic,6,0,6
Telecommunications,Service Ticket Resolution,microsoft/Phi-3-mini-4k-instruct-gguf/Phi-3-mini-4k-instruct-q4.gguf,Minimal,0,6,6
Telecommunications,Service Ticket Resolution,microsoft/Phi-3-mini-4k-instruct-gguf/Phi-3-mini-4k-instruct-q4.gguf,Well-formed,6,0,6
Telecommunications,Service Ticket Resolution,microsoft/Phi-3-mini-4k-instruct-gguf/Phi-3-mini-4k-instruct-q4.gguf,Conflict-free,6,0,6
Telecommunications,Service Ticket Resolution,microsoft/Phi-3-mini-4k-instruct-gguf/Phi-3-mini-4k-instruct-q4.gguf,Conceptually sound,6,0,6
Telecommunications,Service Ticket Resolution,microsoft/Phi-3-mini-4k-instruct-gguf/Phi-3-mini-4k-instruct-q4.gguf,Problem-oriented,6,0,6
Telecommunications,Service Ticket Resolution,microsoft/Phi-3-mini-4k-instruct-gguf/Phi-3-mini-4k-instruct-q4.gguf,Unambiguous,6,0,6
Telecommunications,Service Ticket Resolution,microsoft/Phi-3-mini-4k-instruct-gguf/Phi-3-mini-4k-instruct-q4.gguf,Complete,0,6,6
Telecommunications,Service Ticket Resolution,microsoft/Phi-3-mini-4k-instruct-gguf/Phi-3-mini-4k-instruct-q4.gguf,Explicit dependencies,6,0,6
Telecommunications,Service Ticket Resolution,microsoft/Phi-3-mini-4k-instruct-gguf/Phi-3-mini-4k-instruct-q4.gguf,Full sentence,6,0,6
Telecommunications,Service Ticket Resolution,microsoft/Phi-3-mini-4k-instruct-gguf/Phi-3-mini-4k-instruct-q4.gguf,Independent,6,0,6
Telecommunications,Service Ticket Resolution,microsoft/Phi-3-mini-4k-instruct-gguf/Phi-3-mini-4k-instruct-q4.gguf,Scalable,6,0,6
Telecommunications,Service Ticket Resolution,microsoft/Phi-3-mini-4k-instruct-gguf/Phi-3-mini-4k-instruct-q4.gguf,Uniform,6,0,6
Telecommunications,Service Ticket Resolution,microsoft/Phi-3-mini-4k-instruct-gguf/Phi-3-mini-4k-instruct-q4.gguf,Unique,6,0,6
Corporate IT,Software Update Deployment,microsoft/Phi-3-mini-4k-instruct-gguf/Phi-3-mini-4k-instruct-q4.gguf,Atomic,9,0,9
Corporate IT,Software Update Deployment,microsoft/Phi-3-mini-4k-instruct-gguf/Phi-3-mini-4k-instruct-q4.gguf,Minimal,0,9,9
Corporate IT,Software Update Deployment,microsoft/Phi-3-mini-4k-instruct-gguf/Phi-3-mini-4k-instruct-q4.gguf,Well-formed,9,0,9
Corporate IT,Software Update Deployment,microsoft/Phi-3-mini-4k-instruct-gguf/Phi-3-mini-4k-instruct-q4.gguf,Conflict-free,9,0,9
Corporate IT,Software Update Deployment,microsoft/Phi-3-mini-4k-instruct-gguf/Phi-3-mini-4k-instruct-q4.gguf,Conceptually sound,9,0,9
Corporate IT,Software Update Deployment,microsoft/Phi-3-mini-4k-instruct-gguf/Phi-3-mini-4k-instruct-q4.gguf,Problem-oriented,9,0,9
Corporate IT,Software Update Deployment,microsoft/Phi-3-mini-4k-instruct-gguf/Phi-3-mini-4k-instruct-q4.gguf,Unambiguous,9,0,9
Corporate IT,Software Update Deployment,microsoft/Phi-3-mini-4k-instruct-gguf/Phi-3-mini-4k-instruct-q4.gguf,Complete,9,0,9
Corporate IT,Software Update Deployment,microsoft/Phi-3-mini-4k-instruct-gguf/Phi-3-mini-4k-instruct-q4.gguf,Explicit dependencies,9,0,9
Corporate IT,Software Update Deployment,microsoft/Phi-3-mini-4k-instruct-gguf/Phi-3-mini-4k-instruct-q4.gguf,Full sentence,9,0,9
Corporate IT,Software Update Deployment,microsoft/Phi-3-mini-4k-instruct-gguf/Phi-3-mini-4k-instruct-q4.gguf,Independent,9,0,9
Corporate IT,Software Update Deployment,microsoft/Phi-3-mini-4k-instruct-gguf/Phi-3-mini-4k-instruct-q4.gguf,Scalable,9,0,9
Corporate IT,Software Update Deployment,microsoft/Phi-3-mini-4k-instruct-gguf/Phi-3-mini-4k-instruct-q4.gguf,Uniform,9,0,9
Corporate IT,Software Update Deployment,microsoft/Phi-3-mini-4k-instruct-gguf/Phi-3-mini-4k-instruct-q4.gguf,Unique,9,0,9
Consumer Products | New Data Solutions,Purchase Data Analysis,microsoft/Phi-3-mini-4k-instruct-gguf/Phi-3-mini-4k-instruct-q4.gguf,Atomic,9,1,10
Consumer Products | New Data Solutions,Purchase Data Analysis,microsoft/Phi-3-mini-4k-instruct-gguf/Phi-3-mini-4k-instruct-q4.gguf,Minimal,0,10,10
Consumer Products | New Data Solutions,Purchase Data Analysis,microsoft/Phi-3-mini-4k-instruct-gguf/Phi-3-mini-4k-instruct-q4.gguf,Well-formed,9,1,10
Consumer Products | New Data Solutions,Purchase Data Analysis,microsoft/Phi-3-mini-4k-instruct-gguf/Phi-3-mini-4k-instruct-q4.gguf,Conflict-free,9,1,10
Consumer Products | New Data Solutions,Purchase Data Analysis,microsoft/Phi-3-mini-4k-instruct-gguf/Phi-3-mini-4k-instruct-q4.gguf,Conceptually sound,9,1,10
Consumer Products | New Data Solutions,Purchase Data Analysis,microsoft/Phi-3-mini-4k-instruct-gguf/Phi-3-mini-4k-instruct-q4.gguf,Problem-oriented,10,0,10
Consumer Products | New Data Solutions,Purchase Data Analysis,microsoft/Phi-3-mini-4k-instruct-gguf/Phi-3-mini-4k-instruct-q4.gguf,Unambiguous,0,10,10
Consumer Products | New Data Solutions,Purchase Data Analysis,microsoft/Phi-3-mini-4k-instruct-gguf/Phi-3-mini-4k-instruct-q4.gguf,Complete,9,1,10
Consumer Products | New Data Solutions,Purchase Data Analysis,microsoft/Phi-3-mini-4k-instruct-gguf/Phi-3-mini-4k-instruct-q4.gguf,Explicit dependencies,9,1,10
Consumer Products | New Data Solutions,Purchase Data Analysis,microsoft/Phi-3-mini-4k-instruct-gguf/Phi-3-mini-4k-instruct-q4.gguf,Full sentence,9,1,10
Consumer Products | New Data Solutions,Purchase Data Analysis,microsoft/Phi-3-mini-4k-instruct-gguf/Phi-3-mini-4k-instruct-q4.gguf,Independent,9,1,10
Consumer Products | New Data Solutions,Purchase Data Analysis,microsoft/Phi-3-mini-4k-instruct-gguf/Phi-3-mini-4k-instruct-q4.gguf,Scalable,8,2,10
Consumer Products | New Data Solutions,Purchase Data Analysis,microsoft/Phi-3-mini-4k-instruct-gguf/Phi-3-mini-4k-instruct-q4.gguf,Uniform,9,1,10
Consumer Products | New Data Solutions,Purchase Data Analysis,microsoft/Phi-3-mini-4k-instruct-gguf/Phi-3-mini-4k-instruct-q4.gguf,Unique,10,0,10
Automotive,Parts Supplier Management,Qwen/Qwen1.5-0.5B-Chat-GGUF/qwen1_5-0_5b-chat-q8_0.gguf,Atomic,0,3,3
Automotive,Parts Supplier Management,Qwen/Qwen1.5-0.5B-Chat-GGUF/qwen1_5-0_5b-chat-q8_0.gguf,Minimal,0,3,3
Automotive,Parts Supplier Management,Qwen/Qwen1.5-0.5B-Chat-GGUF/qwen1_5-0_5b-chat-q8_0.gguf,Well-formed,3,0,3
Automotive,Parts Supplier Management,Qwen/Qwen1.5-0.5B-Chat-GGUF/qwen1_5-0_5b-chat-q8_0.gguf,Conflict-free,3,0,3
Automotive,Parts Supplier Management,Qwen/Qwen1.5-0.5B-Chat-GGUF/qwen1_5-0_5b-chat-q8_0.gguf,Conceptually sound,3,0,3
Automotive,Parts Supplier Management,Qwen/Qwen1.5-0.5B-Chat-GGUF/qwen1_5-0_5b-chat-q8_0.gguf,Problem-oriented,3,0,3
Automotive,Parts Supplier Management,Qwen/Qwen1.5-0.5B-Chat-GGUF/qwen1_5-0_5b-chat-q8_0.gguf,Unambiguous,0,3,3
Automotive,Parts Supplier Management,Qwen/Qwen1.5-0.5B-Chat-GGUF/qwen1_5-0_5b-chat-q8_0.gguf,Complete,0,3,3
Automotive,Parts Supplier Management,Qwen/Qwen1.5-0.5B-Chat-GGUF/qwen1_5-0_5b-chat-q8_0.gguf,Explicit dependencies,0,3,3
Automotive,Parts Supplier Management,Qwen/Qwen1.5-0.5B-Chat-GGUF/qwen1_5-0_5b-chat-q8_0.gguf,Full sentence,3,0,3
Automotive,Parts Supplier Management,Qwen/Qwen1.5-0.5B-Chat-GGUF/qwen1_5-0_5b-chat-q8_0.gguf,Independent,3,0,3
Automotive,Parts Supplier Management,Qwen/Qwen1.5-0.5B-Chat-GGUF/qwen1_5-0_5b-chat-q8_0.gguf,Scalable,0,3,3
Automotive,Parts Supplier Management,Qwen/Qwen1.5-0.5B-Chat-GGUF/qwen1_5-0_5b-chat-q8_0.gguf,Uniform,3,0,3
Automotive,Parts Supplier Management,Qwen/Qwen1.5-0.5B-Chat-GGUF/qwen1_5-0_5b-chat-q8_0.gguf,Unique,3,0,3
Food,Production Line Monitoring,Qwen/Qwen1.5-0.5B-Chat-GGUF/qwen1_5-0_5b-chat-q8_0.gguf,Atomic,0,19,19
Food,Production Line Monitoring,Qwen/Qwen1.5-0.5B-Chat-GGUF/qwen1_5-0_5b-chat-q8_0.gguf,Minimal,0,56,56
Food,Production Line Monitoring,Qwen/Qwen1.5-0.5B-Chat-GGUF/qwen1_5-0_5b-chat-q8_0.gguf,Well-formed,17,6,23
Food,Production Line Monitoring,Qwen/Qwen1.5-0.5B-Chat-GGUF/qwen1_5-0_5b-chat-q8_0.gguf,Conflict-free,19,0,19
Food,Production Line Monitoring,Qwen/Qwen1.5-0.5B-Chat-GGUF/qwen1_5-0_5b-chat-q8_0.gguf,Conceptually sound,0,30,30
Food,Production Line Monitoring,Qwen/Qwen1.5-0.5B-Chat-GGUF/qwen1_5-0_5b-chat-q8_0.gguf,Problem-oriented,19,0,19
Food,Production Line Monitoring,Qwen/Qwen1.5-0.5B-Chat-GGUF/qwen1_5-0_5b-chat-q8_0.gguf,Unambiguous,0,59,59
Food,Production Line Monitoring,Qwen/Qwen1.5-0.5B-Chat-GGUF/qwen1_5-0_5b-chat-q8_0.gguf,Complete,0,19,19
Food,Production Line Monitoring,Qwen/Qwen1.5-0.5B-Chat-GGUF/qwen1_5-0_5b-chat-q8_0.gguf,Explicit dependencies,0,19,19
Food,Production Line Monitoring,Qwen/Qwen1.5-0.5B-Chat-GGUF/qwen1_5-0_5b-chat-q8_0.gguf,Full sentence,0,19,19
Food,Production Line Monitoring,Qwen/Qwen1.5-0.5B-Chat-GGUF/qwen1_5-0_5b-chat-q8_0.gguf,Independent,20,0,20
Food,Production Line Monitoring,Qwen/Qwen1.5-0.5B-Chat-GGUF/qwen1_5-0_5b-chat-q8_0.gguf,Scalable,0,19,19
Food,Production Line Monitoring,Qwen/Qwen1.5-0.5B-Chat-GGUF/qwen1_5-0_5b-chat-q8_0.gguf,Uniform,0,56,56
Food,Production Line Monitoring,Qwen/Qwen1.5-0.5B-Chat-GGUF/qwen1_5-0_5b-chat-q8_0.gguf,Unique,80,0,80
Banking,Loan Processing,Qwen/Qwen1.5-0.5B-Chat-GGUF/qwen1_5-0_5b-chat-q8_0.gguf,Atomic,0,8,8
Banking,Loan Processing,Qwen/Qwen1.5-0.5B-Chat-GGUF/qwen1_5-0_5b-chat-q8_0.gguf,Minimal,0,1,1
Banking,Loan Processing,Qwen/Qwen1.5-0.5B-Chat-GGUF/qwen1_5-0_5b-chat-q8_0.gguf,Well-formed,0,17,17
Banking,Loan Processing,Qwen/Qwen1.5-0.5B-Chat-GGUF/qwen1_5-0_5b-chat-q8_0.gguf,Conceptually sound,0,21,21
Banking,Loan Processing,Qwen/Qwen1.5-0.5B-Chat-GGUF/qwen1_5-0_5b-chat-q8_0.gguf,Complete,0,1,1
Banking,Loan Processing,Qwen/Qwen1.5-0.5B-Chat-GGUF/qwen1_5-0_5b-chat-q8_0.gguf,Explicit dependencies,0,1,1
Banking,Loan Processing,Qwen/Qwen1.5-0.5B-Chat-GGUF/qwen1_5-0_5b-chat-q8_0.gguf,Full sentence,0,19,19
Banking,Loan Processing,Qwen/Qwen1.5-0.5B-Chat-GGUF/qwen1_5-0_5b-chat-q8_0.gguf,Scalable,0,1,1
Banking,Loan Processing,Qwen/Qwen1.5-0.5B-Chat-GGUF/qwen1_5-0_5b-chat-q8_0.gguf,Uniformity,0,18,18
Banking,Loan Processing,Qwen/Qwen1.5-0.5B-Chat-GGUF/qwen1_5-0_5b-chat-q8_0.gguf,Unique,0,16,16
Insurance,Claim Filing,Qwen/Qwen1.5-0.5B-Chat-GGUF/qwen1_5-0_5b-chat-q8_0.gguf,Atomic,0,10,10
Insurance,Claim Filing,Qwen/Qwen1.5-0.5B-Chat-GGUF/qwen1_5-0_5b-chat-q8_0.gguf,Minimal,0,10,10
Insurance,Claim Filing,Qwen/Qwen1.5-0.5B-Chat-GGUF/qwen1_5-0_5b-chat-q8_0.gguf,Well-formed,0,10,10
Insurance,Claim Filing,Qwen/Qwen1.5-0.5B-Chat-GGUF/qwen1_5-0_5b-chat-q8_0.gguf,Conflict-free,0,10,10
Insurance,Claim Filing,Qwen/Qwen1.5-0.5B-Chat-GGUF/qwen1_5-0_5b-chat-q8_0.gguf,Conceptually sound,0,10,10
Insurance,Claim Filing,Qwen/Qwen1.5-0.5B-Chat-GGUF/qwen1_5-0_5b-chat-q8_0.gguf,Problem-oriented,0,10,10
Insurance,Claim Filing,Qwen/Qwen1.5-0.5B-Chat-GGUF/qwen1_5-0_5b-chat-q8_0.gguf,Unambiguous,0,3,3
Insurance,Claim Filing,Qwen/Qwen1.5-0.5B-Chat-GGUF/qwen1_5-0_5b-chat-q8_0.gguf,Complete,0,10,10
Insurance,Claim Filing,Qwen/Qwen1.5-0.5B-Chat-GGUF/qwen1_5-0_5b-chat-q8_0.gguf,Explicit dependencies,0,10,10
Insurance,Claim Filing,Qwen/Qwen1.5-0.5B-Chat-GGUF/qwen1_5-0_5b-chat-q8_0.gguf,Full sentence,0,10,10
Insurance,Claim Filing,Qwen/Qwen1.5-0.5B-Chat-GGUF/qwen1_5-0_5b-chat-q8_0.gguf,Independent,0,10,10
Insurance,Claim Filing,Qwen/Qwen1.5-0.5B-Chat-GGUF/qwen1_5-0_5b-chat-q8_0.gguf,Scalable,0,10,10
Insurance,Claim Filing,Qwen/Qwen1.5-0.5B-Chat-GGUF/qwen1_5-0_5b-chat-q8_0.gguf,Uniform,0,10,10
Insurance,Claim Filing,Qwen/Qwen1.5-0.5B-Chat-GGUF/qwen1_5-0_5b-chat-q8_0.gguf,Unique,0,10,10
Healthcare,Patient Appointment,Qwen/Qwen1.5-0.5B-Chat-GGUF/qwen1_5-0_5b-chat-q8_0.gguf,Atomic,10,0,10
Healthcare,Patient Appointment,Qwen/Qwen1.5-0.5B-Chat-GGUF/qwen1_5-0_5b-chat-q8_0.gguf,Minimal,0,10,10
Healthcare,Patient Appointment,Qwen/Qwen1.5-0.5B-Chat-GGUF/qwen1_5-0_5b-chat-q8_0.gguf,Well-formed,10,0,10
Healthcare,Patient Appointment,Qwen/Qwen1.5-0.5B-Chat-GGUF/qwen1_5-0_5b-chat-q8_0.gguf,Conflict-free,10,0,10
Healthcare,Patient Appointment,Qwen/Qwen1.5-0.5B-Chat-GGUF/qwen1_5-0_5b-chat-q8_0.gguf,Conceptually sound,10,0,10
Healthcare,Patient Appointment,Qwen/Qwen1.5-0.5B-Chat-GGUF/qwen1_5-0_5b-chat-q8_0.gguf,Problem-oriented,10,0,10
Healthcare,Patient Appointment,Qwen/Qwen1.5-0.5B-Chat-GGUF/qwen1_5-0_5b-chat-q8_0.gguf,Unambiguous,8,2,10
Healthcare,Patient Appointment,Qwen/Qwen1.5-0.5B-Chat-GGUF/qwen1_5-0_5b-chat-q8_0.gguf,Complete,1,9,10
Healthcare,Patient Appointment,Qwen/Qwen1.5-0.5B-Chat-GGUF/qwen1_5-0_5b-chat-q8_0.gguf,Explicit dependencies,10,0,10
Healthcare,Patient Appointment,Qwen/Qwen1.5-0.5B-Chat-GGUF/qwen1_5-0_5b-chat-q8_0.gguf,Full sentence,10,0,10
Healthcare,Patient Appointment,Qwen/Qwen1.5-0.5B-Chat-GGUF/qwen1_5-0_5b-chat-q8_0.gguf,Independent,10,0,10
Healthcare,Patient Appointment,Qwen/Qwen1.5-0.5B-Chat-GGUF/qwen1_5-0_5b-chat-q8_0.gguf,Scalable,0,10,10
Healthcare,Patient Appointment,Qwen/Qwen1.5-0.5B-Chat-GGUF/qwen1_5-0_5b-chat-q8_0.gguf,Uniform,10,0,10
Healthcare,Patient Appointment,Qwen/Qwen1.5-0.5B-Chat-GGUF/qwen1_5-0_5b-chat-q8_0.gguf,Unique,10,0,10
Public Sector,Voter Registration,Qwen/Qwen1.5-0.5B-Chat-GGUF/qwen1_5-0_5b-chat-q8_0.gguf,Atomic,3,0,3
Public Sector,Voter Registration,Qwen/Qwen1.5-0.5B-Chat-GGUF/qwen1_5-0_5b-chat-q8_0.gguf,Minimal,0,3,3
Public Sector,Voter Registration,Qwen/Qwen1.5-0.5B-Chat-GGUF/qwen1_5-0_5b-chat-q8_0.gguf,Well-formed,3,0,3
Public Sector,Voter Registration,Qwen/Qwen1.5-0.5B-Chat-GGUF/qwen1_5-0_5b-chat-q8_0.gguf,Conflict-free,3,0,3
Public Sector,Voter Registration,Qwen/Qwen1.5-0.5B-Chat-GGUF/qwen1_5-0_5b-chat-q8_0.gguf,Conceptually sound,3,0,3
Public Sector,Voter Registration,Qwen/Qwen1.5-0.5B-Chat-GGUF/qwen1_5-0_5b-chat-q8_0.gguf,Problem-oriented,0,3,3
Public Sector,Voter Registration,Qwen/Qwen1.5-0.5B-Chat-GGUF/qwen1_5-0_5b-chat-q8_0.gguf,Unambiguous,0,3,3
Public Sector,Voter Registration,Qwen/Qwen1.5-0.5B-Chat-GGUF/qwen1_5-0_5b-chat-q8_0.gguf,Complete,0,3,3
Public Sector,Voter Registration,Qwen/Qwen1.5-0.5B-Chat-GGUF/qwen1_5-0_5b-chat-q8_0.gguf,Explicit dependencies,0,3,3
Public Sector,Voter Registration,Qwen/Qwen1.5-0.5B-Chat-GGUF/qwen1_5-0_5b-chat-q8_0.gguf,Full sentence,3,0,3
Public Sector,Voter Registration,Qwen/Qwen1.5-0.5B-Chat-GGUF/qwen1_5-0_5b-chat-q8_0.gguf,Independent,3,0,3
Public Sector,Voter Registration,Qwen/Qwen1.5-0.5B-Chat-GGUF/qwen1_5-0_5b-chat-q8_0.gguf,Scalable,3,0,3
Public Sector,Voter Registration,Qwen/Qwen1.5-0.5B-Chat-GGUF/qwen1_5-0_5b-chat-q8_0.gguf,Uniform,0,3,3
Public Sector,Voter Registration,Qwen/Qwen1.5-0.5B-Chat-GGUF/qwen1_5-0_5b-chat-q8_0.gguf,Unique,3,0,3
Travel & Logistics,Shipment Tracking,Qwen/Qwen1.5-0.5B-Chat-GGUF/qwen1_5-0_5b-chat-q8_0.gguf,Atomic,3,0,3
Travel & Logistics,Shipment Tracking,Qwen/Qwen1.5-0.5B-Chat-GGUF/qwen1_5-0_5b-chat-q8_0.gguf,Minimal,3,0,3
Travel & Logistics,Shipment Tracking,Qwen/Qwen1.5-0.5B-Chat-GGUF/qwen1_5-0_5b-chat-q8_0.gguf,Well-formed,3,0,3
Travel & Logistics,Shipment Tracking,Qwen/Qwen1.5-0.5B-Chat-GGUF/qwen1_5-0_5b-chat-q8_0.gguf,Conflict-free,3,0,3
Travel & Logistics,Shipment Tracking,Qwen/Qwen1.5-0.5B-Chat-GGUF/qwen1_5-0_5b-chat-q8_0.gguf,Conceptually sound,3,0,3
Travel & Logistics,Shipment Tracking,Qwen/Qwen1.5-0.5B-Chat-GGUF/qwen1_5-0_5b-chat-q8_0.gguf,Problem-oriented,3,0,3
Travel & Logistics,Shipment Tracking,Qwen/Qwen1.5-0.5B-Chat-GGUF/qwen1_5-0_5b-chat-q8_0.gguf,Unambiguous,3,0,3
Travel & Logistics,Shipment Tracking,Qwen/Qwen1.5-0.5B-Chat-GGUF/qwen1_5-0_5b-chat-q8_0.gguf,Complete,3,0,3
Travel & Logistics,Shipment Tracking,Qwen/Qwen1.5-0.5B-Chat-GGUF/qwen1_5-0_5b-chat-q8_0.gguf,Explicit dependencies,3,0,3
Travel & Logistics,Shipment Tracking,Qwen/Qwen1.5-0.5B-Chat-GGUF/qwen1_5-0_5b-chat-q8_0.gguf,Full sentence,3,0,3
Travel & Logistics,Shipment Tracking,Qwen/Qwen1.5-0.5B-Chat-GGUF/qwen1_5-0_5b-chat-q8_0.gguf,Independent,3,0,3
Travel & Logistics,Shipment Tracking,Qwen/Qwen1.5-0.5B-Chat-GGUF/qwen1_5-0_5b-chat-q8_0.gguf,Scalable,3,0,3
Travel & Logistics,Shipment Tracking,Qwen/Qwen1.5-0.5B-Chat-GGUF/qwen1_5-0_5b-chat-q8_0.gguf,Uniform,3,0,3
Travel & Logistics,Shipment Tracking,Qwen/Qwen1.5-0.5B-Chat-GGUF/qwen1_5-0_5b-chat-q8_0.gguf,Unique,3,0,3
Telecommunications,Service Ticket Resolution,Qwen/Qwen1.5-0.5B-Chat-GGUF/qwen1_5-0_5b-chat-q8_0.gguf,Atomic,10,0,10
Telecommunications,Service Ticket Resolution,Qwen/Qwen1.5-0.5B-Chat-GGUF/qwen1_5-0_5b-chat-q8_0.gguf,Minimal,0,10,10
Telecommunications,Service Ticket Resolution,Qwen/Qwen1.5-0.5B-Chat-GGUF/qwen1_5-0_5b-chat-q8_0.gguf,Well-formed,10,0,10
Telecommunications,Service Ticket Resolution,Qwen/Qwen1.5-0.5B-Chat-GGUF/qwen1_5-0_5b-chat-q8_0.gguf,Conflict-free,10,0,10
Telecommunications,Service Ticket Resolution,Qwen/Qwen1.5-0.5B-Chat-GGUF/qwen1_5-0_5b-chat-q8_0.gguf,Conceptually sound,0,10,10
Telecommunications,Service Ticket Resolution,Qwen/Qwen1.5-0.5B-Chat-GGUF/qwen1_5-0_5b-chat-q8_0.gguf,Problem-oriented,10,0,10
Telecommunications,Service Ticket Resolution,Qwen/Qwen1.5-0.5B-Chat-GGUF/qwen1_5-0_5b-chat-q8_0.gguf,Unambiguous,0,10,10
Telecommunications,Service Ticket Resolution,Qwen/Qwen1.5-0.5B-Chat-GGUF/qwen1_5-0_5b-chat-q8_0.gguf,Complete,0,10,10
Telecommunications,Service Ticket Resolution,Qwen/Qwen1.5-0.5B-Chat-GGUF/qwen1_5-0_5b-chat-q8_0.gguf,Explicit dependencies,0,10,10
Telecommunications,Service Ticket Resolution,Qwen/Qwen1.5-0.5B-Chat-GGUF/qwen1_5-0_5b-chat-q8_0.gguf,Full sentence,10,0,10
Telecommunications,Service Ticket Resolution,Qwen/Qwen1.5-0.5B-Chat-GGUF/qwen1_5-0_5b-chat-q8_0.gguf,Independent,10,0,10
Telecommunications,Service Ticket Resolution,Qwen/Qwen1.5-0.5B-Chat-GGUF/qwen1_5-0_5b-chat-q8_0.gguf,Scalable,0,10,10
Telecommunications,Service Ticket Resolution,Qwen/Qwen1.5-0.5B-Chat-GGUF/qwen1_5-0_5b-chat-q8_0.gguf,Uniform,0,10,10
Telecommunications,Service Ticket Resolution,Qwen/Qwen1.5-0.5B-Chat-GGUF/qwen1_5-0_5b-chat-q8_0.gguf,Unique,10,0,10
Corporate IT,Software Update Deployment,Qwen/Qwen1.5-0.5B-Chat-GGUF/qwen1_5-0_5b-chat-q8_0.gguf,Atomic,3,0,3
Corporate IT,Software Update Deployment,Qwen/Qwen1.5-0.5B-Chat-GGUF/qwen1_5-0_5b-chat-q8_0.gguf,Minimal,0,3,3
Corporate IT,Software Update Deployment,Qwen/Qwen1.5-0.5B-Chat-GGUF/qwen1_5-0_5b-chat-q8_0.gguf,Well-formed,0,3,3
Corporate IT,Software Update Deployment,Qwen/Qwen1.5-0.5B-Chat-GGUF/qwen1_5-0_5b-chat-q8_0.gguf,Conflict-free,3,0,3
Corporate IT,Software Update Deployment,Qwen/Qwen1.5-0.5B-Chat-GGUF/qwen1_5-0_5b-chat-q8_0.gguf,Conceptually sound,0,3,3
Corporate IT,Software Update Deployment,Qwen/Qwen1.5-0.5B-Chat-GGUF/qwen1_5-0_5b-chat-q8_0.gguf,Problem-oriented,3,0,3
Corporate IT,Software Update Deployment,Qwen/Qwen1.5-0.5B-Chat-GGUF/qwen1_5-0_5b-chat-q8_0.gguf,Unambiguous,2,1,3
Corporate IT,Software Update Deployment,Qwen/Qwen1.5-0.5B-Chat-GGUF/qwen1_5-0_5b-chat-q8_0.gguf,Complete,0,3,3
Corporate IT,Software Update Deployment,Qwen/Qwen1.5-0.5B-Chat-GGUF/qwen1_5-0_5b-chat-q8_0.gguf,Explicit dependencies,0,3,3
Corporate IT,Software Update Deployment,Qwen/Qwen1.5-0.5B-Chat-GGUF/qwen1_5-0_5b-chat-q8_0.gguf,Full sentence,0,3,3
Corporate IT,Software Update Deployment,Qwen/Qwen1.5-0.5B-Chat-GGUF/qwen1_5-0_5b-chat-q8_0.gguf,Independent,10,0,10
Corporate IT,Software Update Deployment,Qwen/Qwen1.5-0.5B-Chat-GGUF/qwen1_5-0_5b-chat-q8_0.gguf,Scalable,0,3,3
Corporate IT,Software Update Deployment,Qwen/Qwen1.5-0.5B-Chat-GGUF/qwen1_5-0_5b-chat-q8_0.gguf,Uniform,0,3,3
Corporate IT,Software Update Deployment,Qwen/Qwen1.5-0.5B-Chat-GGUF/qwen1_5-0_5b-chat-q8_0.gguf,Unique,3,0,3
Consumer Products | New Data Solutions,Purchase Data Analysis,Qwen/Qwen1.5-0.5B-Chat-GGUF/qwen1_5-0_5b-chat-q8_0.gguf,Atomic,4,3,7
Consumer Products | New Data Solutions,Purchase Data Analysis,Qwen/Qwen1.5-0.5B-Chat-GGUF/qwen1_5-0_5b-chat-q8_0.gguf,Minimal,0,7,7
Consumer Products | New Data Solutions,Purchase Data Analysis,Qwen/Qwen1.5-0.5B-Chat-GGUF/qwen1_5-0_5b-chat-q8_0.gguf,Well-formed,0,7,7
Consumer Products | New Data Solutions,Purchase Data Analysis,Qwen/Qwen1.5-0.5B-Chat-GGUF/qwen1_5-0_5b-chat-q8_0.gguf,Conflict-free,7,0,7
Consumer Products | New Data Solutions,Purchase Data Analysis,Qwen/Qwen1.5-0.5B-Chat-GGUF/qwen1_5-0_5b-chat-q8_0.gguf,Conceptually sound,2,5,7
Consumer Products | New Data Solutions,Purchase Data Analysis,Qwen/Qwen1.5-0.5B-Chat-GGUF/qwen1_5-0_5b-chat-q8_0.gguf,Problem-oriented,0,7,7
Consumer Products | New Data Solutions,Purchase Data Analysis,Qwen/Qwen1.5-0.5B-Chat-GGUF/qwen1_5-0_5b-chat-q8_0.gguf,Unambiguous,0,7,7
Consumer Products | New Data Solutions,Purchase Data Analysis,Qwen/Qwen1.5-0.5B-Chat-GGUF/qwen1_5-0_5b-chat-q8_0.gguf,Complete,0,7,7
Consumer Products | New Data Solutions,Purchase Data Analysis,Qwen/Qwen1.5-0.5B-Chat-GGUF/qwen1_5-0_5b-chat-q8_0.gguf,Explicit dependencies,0,7,7
Consumer Products | New Data Solutions,Purchase Data Analysis,Qwen/Qwen1.5-0.5B-Chat-GGUF/qwen1_5-0_5b-chat-q8_0.gguf,Full sentence,0,7,7
Consumer Products | New Data Solutions,Purchase Data Analysis,Qwen/Qwen1.5-0.5B-Chat-GGUF/qwen1_5-0_5b-chat-q8_0.gguf,Independent,3,4,7
Consumer Products | New Data Solutions,Purchase Data Analysis,Qwen/Qwen1.5-0.5B-Chat-GGUF/qwen1_5-0_5b-chat-q8_0.gguf,Scalable,0,7,7
Consumer Products | New Data Solutions,Purchase Data Analysis,Qwen/Qwen1.5-0.5B-Chat-GGUF/qwen1_5-0_5b-chat-q8_0.gguf,Uniform,0,6,6
Consumer Products | New Data Solutions,Purchase Data Analysis,Qwen/Qwen1.5-0.5B-Chat-GGUF/qwen1_5-0_5b-chat-q8_0.gguf,Unique,7,0,7
Automotive,Parts Supplier Management,NousResearch/Nous-Hermes-2-Mistral-7B-DPO-GGUF/Nous-Hermes-2-Mistral-7B-DPO.Q6_K.gguf,Atomic,9,0,9
Automotive,Parts Supplier Management,NousResearch/Nous-Hermes-2-Mistral-7B-DPO-GGUF/Nous-Hermes-2-Mistral-7B-DPO.Q6_K.gguf,Minimal,9,0,9
Automotive,Parts Supplier Management,NousResearch/Nous-Hermes-2-Mistral-7B-DPO-GGUF/Nous-Hermes-2-Mistral-7B-DPO.Q6_K.gguf,Well-formed,9,0,9
Automotive,Parts Supplier Management,NousResearch/Nous-Hermes-2-Mistral-7B-DPO-GGUF/Nous-Hermes-2-Mistral-7B-DPO.Q6_K.gguf,Conflict-free,9,0,9
Automotive,Parts Supplier Management,NousResearch/Nous-Hermes-2-Mistral-7B-DPO-GGUF/Nous-Hermes-2-Mistral-7B-DPO.Q6_K.gguf,Conceptually sound,9,0,9
Automotive,Parts Supplier Management,NousResearch/Nous-Hermes-2-Mistral-7B-DPO-GGUF/Nous-Hermes-2-Mistral-7B-DPO.Q6_K.gguf,Problem-oriented,9,0,9
Automotive,Parts Supplier Management,NousResearch/Nous-Hermes-2-Mistral-7B-DPO-GGUF/Nous-Hermes-2-Mistral-7B-DPO.Q6_K.gguf,Unambiguous,9,0,9
Automotive,Parts Supplier Management,NousResearch/Nous-Hermes-2-Mistral-7B-DPO-GGUF/Nous-Hermes-2-Mistral-7B-DPO.Q6_K.gguf,Complete,9,0,9
Automotive,Parts Supplier Management,NousResearch/Nous-Hermes-2-Mistral-7B-DPO-GGUF/Nous-Hermes-2-Mistral-7B-DPO.Q6_K.gguf,Explicit dependencies,9,0,9
Automotive,Parts Supplier Management,NousResearch/Nous-Hermes-2-Mistral-7B-DPO-GGUF/Nous-Hermes-2-Mistral-7B-DPO.Q6_K.gguf,Full sentence,9,0,9
Automotive,Parts Supplier Management,NousResearch/Nous-Hermes-2-Mistral-7B-DPO-GGUF/Nous-Hermes-2-Mistral-7B-DPO.Q6_K.gguf,Independent,9,0,9
Automotive,Parts Supplier Management,NousResearch/Nous-Hermes-2-Mistral-7B-DPO-GGUF/Nous-Hermes-2-Mistral-7B-DPO.Q6_K.gguf,Scalable,9,0,9
Automotive,Parts Supplier Management,NousResearch/Nous-Hermes-2-Mistral-7B-DPO-GGUF/Nous-Hermes-2-Mistral-7B-DPO.Q6_K.gguf,Uniform,9,0,9
Automotive,Parts Supplier Management,NousResearch/Nous-Hermes-2-Mistral-7B-DPO-GGUF/Nous-Hermes-2-Mistral-7B-DPO.Q6_K.gguf,Unique,9,0,9
Food,Production Line Monitoring,NousResearch/Nous-Hermes-2-Mistral-7B-DPO-GGUF/Nous-Hermes-2-Mistral-7B-DPO.Q6_K.gguf,Atomic,10,0,10
Food,Production Line Monitoring,NousResearch/Nous-Hermes-2-Mistral-7B-DPO-GGUF/Nous-Hermes-2-Mistral-7B-DPO.Q6_K.gguf,Minimal,10,0,10
Food,Production Line Monitoring,NousResearch/Nous-Hermes-2-Mistral-7B-DPO-GGUF/Nous-Hermes-2-Mistral-7B-DPO.Q6_K.gguf,Well-formed,10,0,10
Food,Production Line Monitoring,NousResearch/Nous-Hermes-2-Mistral-7B-DPO-GGUF/Nous-Hermes-2-Mistral-7B-DPO.Q6_K.gguf,Conflict-free,10,0,10
Food,Production Line Monitoring,NousResearch/Nous-Hermes-2-Mistral-7B-DPO-GGUF/Nous-Hermes-2-Mistral-7B-DPO.Q6_K.gguf,Conceptually sound,10,0,10
Food,Production Line Monitoring,NousResearch/Nous-Hermes-2-Mistral-7B-DPO-GGUF/Nous-Hermes-2-Mistral-7B-DPO.Q6_K.gguf,Problem-oriented,10,0,10
Food,Production Line Monitoring,NousResearch/Nous-Hermes-2-Mistral-7B-DPO-GGUF/Nous-Hermes-2-Mistral-7B-DPO.Q6_K.gguf,Unambiguous,10,0,10
Food,Production Line Monitoring,NousResearch/Nous-Hermes-2-Mistral-7B-DPO-GGUF/Nous-Hermes-2-Mistral-7B-DPO.Q6_K.gguf,Complete,10,0,10
Food,Production Line Monitoring,NousResearch/Nous-Hermes-2-Mistral-7B-DPO-GGUF/Nous-Hermes-2-Mistral-7B-DPO.Q6_K.gguf,Explicit dependencies,10,0,10
Food,Production Line Monitoring,NousResearch/Nous-Hermes-2-Mistral-7B-DPO-GGUF/Nous-Hermes-2-Mistral-7B-DPO.Q6_K.gguf,Full sentence,10,0,10
Food,Production Line Monitoring,NousResearch/Nous-Hermes-2-Mistral-7B-DPO-GGUF/Nous-Hermes-2-Mistral-7B-DPO.Q6_K.gguf,Independent,10,0,10
Food,Production Line Monitoring,NousResearch/Nous-Hermes-2-Mistral-7B-DPO-GGUF/Nous-Hermes-2-Mistral-7B-DPO.Q6_K.gguf,Scalable,10,0,10
Food,Production Line Monitoring,NousResearch/Nous-Hermes-2-Mistral-7B-DPO-GGUF/Nous-Hermes-2-Mistral-7B-DPO.Q6_K.gguf,Uniform,10,0,10
Food,Production Line Monitoring,NousResearch/Nous-Hermes-2-Mistral-7B-DPO-GGUF/Nous-Hermes-2-Mistral-7B-DPO.Q6_K.gguf,Unique,10,0,10
Banking,Loan Processing,NousResearch/Nous-Hermes-2-Mistral-7B-DPO-GGUF/Nous-Hermes-2-Mistral-7B-DPO.Q6_K.gguf,Atomic,11,0,11
Banking,Loan Processing,NousResearch/Nous-Hermes-2-Mistral-7B-DPO-GGUF/Nous-Hermes-2-Mistral-7B-DPO.Q6_K.gguf,Minimal,11,0,11
Banking,Loan Processing,NousResearch/Nous-Hermes-2-Mistral-7B-DPO-GGUF/Nous-Hermes-2-Mistral-7B-DPO.Q6_K.gguf,Well-formed,11,0,11
Banking,Loan Processing,NousResearch/Nous-Hermes-2-Mistral-7B-DPO-GGUF/Nous-Hermes-2-Mistral-7B-DPO.Q6_K.gguf,Conflict-free,11,0,11
Banking,Loan Processing,NousResearch/Nous-Hermes-2-Mistral-7B-DPO-GGUF/Nous-Hermes-2-Mistral-7B-DPO.Q6_K.gguf,Conceptually sound,11,0,11
Banking,Loan Processing,NousResearch/Nous-Hermes-2-Mistral-7B-DPO-GGUF/Nous-Hermes-2-Mistral-7B-DPO.Q6_K.gguf,Problem-oriented,11,0,11
Banking,Loan Processing,NousResearch/Nous-Hermes-2-Mistral-7B-DPO-GGUF/Nous-Hermes-2-Mistral-7B-DPO.Q6_K.gguf,Unambiguous,11,0,11
Banking,Loan Processing,NousResearch/Nous-Hermes-2-Mistral-7B-DPO-GGUF/Nous-Hermes-2-Mistral-7B-DPO.Q6_K.gguf,Complete,11,0,11
Banking,Loan Processing,NousResearch/Nous-Hermes-2-Mistral-7B-DPO-GGUF/Nous-Hermes-2-Mistral-7B-DPO.Q6_K.gguf,Explicit dependencies,11,0,11
Banking,Loan Processing,NousResearch/Nous-Hermes-2-Mistral-7B-DPO-GGUF/Nous-Hermes-2-Mistral-7B-DPO.Q6_K.gguf,Full sentence,11,0,11
Banking,Loan Processing,NousResearch/Nous-Hermes-2-Mistral-7B-DPO-GGUF/Nous-Hermes-2-Mistral-7B-DPO.Q6_K.gguf,Independent,11,0,11
Banking,Loan Processing,NousResearch/Nous-Hermes-2-Mistral-7B-DPO-GGUF/Nous-Hermes-2-Mistral-7B-DPO.Q6_K.gguf,Scalable,11,0,11
Banking,Loan Processing,NousResearch/Nous-Hermes-2-Mistral-7B-DPO-GGUF/Nous-Hermes-2-Mistral-7B-DPO.Q6_K.gguf,Uniform,11,0,11
Banking,Loan Processing,NousResearch/Nous-Hermes-2-Mistral-7B-DPO-GGUF/Nous-Hermes-2-Mistral-7B-DPO.Q6_K.gguf,Unique,11,0,11
Insurance,Claim Filing,NousResearch/Nous-Hermes-2-Mistral-7B-DPO-GGUF/Nous-Hermes-2-Mistral-7B-DPO.Q6_K.gguf,Atomic,10,0,10
Insurance,Claim Filing,NousResearch/Nous-Hermes-2-Mistral-7B-DPO-GGUF/Nous-Hermes-2-Mistral-7B-DPO.Q6_K.gguf,Minimal,0,10,10
Insurance,Claim Filing,NousResearch/Nous-Hermes-2-Mistral-7B-DPO-GGUF/Nous-Hermes-2-Mistral-7B-DPO.Q6_K.gguf,Well-formed,10,0,10
Insurance,Claim Filing,NousResearch/Nous-Hermes-2-Mistral-7B-DPO-GGUF/Nous-Hermes-2-Mistral-7B-DPO.Q6_K.gguf,Conflict-free,10,0,10
Insurance,Claim Filing,NousResearch/Nous-Hermes-2-Mistral-7B-DPO-GGUF/Nous-Hermes-2-Mistral-7B-DPO.Q6_K.gguf,Conceptually sound,10,0,10
Insurance,Claim Filing,NousResearch/Nous-Hermes-2-Mistral-7B-DPO-GGUF/Nous-Hermes-2-Mistral-7B-DPO.Q6_K.gguf,Problem-oriented,10,0,10
Insurance,Claim Filing,NousResearch/Nous-Hermes-2-Mistral-7B-DPO-GGUF/Nous-Hermes-2-Mistral-7B-DPO.Q6_K.gguf,Unambiguous,10,0,10
Insurance,Claim Filing,NousResearch/Nous-Hermes-2-Mistral-7B-DPO-GGUF/Nous-Hermes-2-Mistral-7B-DPO.Q6_K.gguf,Complete,10,0,10
Insurance,Claim Filing,NousResearch/Nous-Hermes-2-Mistral-7B-DPO-GGUF/Nous-Hermes-2-Mistral-7B-DPO.Q6_K.gguf,Explicit dependencies,10,0,10
Insurance,Claim Filing,NousResearch/Nous-Hermes-2-Mistral-7B-DPO-GGUF/Nous-Hermes-2-Mistral-7B-DPO.Q6_K.gguf,Full sentence,10,0,10
Insurance,Claim Filing,NousResearch/Nous-Hermes-2-Mistral-7B-DPO-GGUF/Nous-Hermes-2-Mistral-7B-DPO.Q6_K.gguf,Independent,10,0,10
Insurance,Claim Filing,NousResearch/Nous-Hermes-2-Mistral-7B-DPO-GGUF/Nous-Hermes-2-Mistral-7B-DPO.Q6_K.gguf,Scalable,0,10,10
Insurance,Claim Filing,NousResearch/Nous-Hermes-2-Mistral-7B-DPO-GGUF/Nous-Hermes-2-Mistral-7B-DPO.Q6_K.gguf,Uniform,10,0,10
Insurance,Claim Filing,NousResearch/Nous-Hermes-2-Mistral-7B-DPO-GGUF/Nous-Hermes-2-Mistral-7B-DPO.Q6_K.gguf,Unique,10,0,10
Healthcare,Patient Appointment,NousResearch/Nous-Hermes-2-Mistral-7B-DPO-GGUF/Nous-Hermes-2-Mistral-7B-DPO.Q6_K.gguf,Atomic,13,0,13
Healthcare,Patient Appointment,NousResearch/Nous-Hermes-2-Mistral-7B-DPO-GGUF/Nous-Hermes-2-Mistral-7B-DPO.Q6_K.gguf,Minimal,0,13,13
Healthcare,Patient Appointment,NousResearch/Nous-Hermes-2-Mistral-7B-DPO-GGUF/Nous-Hermes-2-Mistral-7B-DPO.Q6_K.gguf,Well-formed,13,0,13
Healthcare,Patient Appointment,NousResearch/Nous-Hermes-2-Mistral-7B-DPO-GGUF/Nous-Hermes-2-Mistral-7B-DPO.Q6_K.gguf,Conflict-free,13,0,13
Healthcare,Patient Appointment,NousResearch/Nous-Hermes-2-Mistral-7B-DPO-GGUF/Nous-Hermes-2-Mistral-7B-DPO.Q6_K.gguf,Conceptually sound,13,0,13
Healthcare,Patient Appointment,NousResearch/Nous-Hermes-2-Mistral-7B-DPO-GGUF/Nous-Hermes-2-Mistral-7B-DPO.Q6_K.gguf,Problem-oriented,13,0,13
Healthcare,Patient Appointment,NousResearch/Nous-Hermes-2-Mistral-7B-DPO-GGUF/Nous-Hermes-2-Mistral-7B-DPO.Q6_K.gguf,Unambiguous,13,0,13
Healthcare,Patient Appointment,NousResearch/Nous-Hermes-2-Mistral-7B-DPO-GGUF/Nous-Hermes-2-Mistral-7B-DPO.Q6_K.gguf,Complete,13,0,13
Healthcare,Patient Appointment,NousResearch/Nous-Hermes-2-Mistral-7B-DPO-GGUF/Nous-Hermes-2-Mistral-7B-DPO.Q6_K.gguf,Explicit dependencies,13,0,13
Healthcare,Patient Appointment,NousResearch/Nous-Hermes-2-Mistral-7B-DPO-GGUF/Nous-Hermes-2-Mistral-7B-DPO.Q6_K.gguf,Full sentence,13,0,13
Healthcare,Patient Appointment,NousResearch/Nous-Hermes-2-Mistral-7B-DPO-GGUF/Nous-Hermes-2-Mistral-7B-DPO.Q6_K.gguf,Independent,13,0,13
Healthcare,Patient Appointment,NousResearch/Nous-Hermes-2-Mistral-7B-DPO-GGUF/Nous-Hermes-2-Mistral-7B-DPO.Q6_K.gguf,Scalable,13,0,13
Healthcare,Patient Appointment,NousResearch/Nous-Hermes-2-Mistral-7B-DPO-GGUF/Nous-Hermes-2-Mistral-7B-DPO.Q6_K.gguf,Uniform,13,0,13
Healthcare,Patient Appointment,NousResearch/Nous-Hermes-2-Mistral-7B-DPO-GGUF/Nous-Hermes-2-Mistral-7B-DPO.Q6_K.gguf,Unique,13,0,13
Public Sector,Voter Registration,NousResearch/Nous-Hermes-2-Mistral-7B-DPO-GGUF/Nous-Hermes-2-Mistral-7B-DPO.Q6_K.gguf,Atomic,9,0,9
Public Sector,Voter Registration,NousResearch/Nous-Hermes-2-Mistral-7B-DPO-GGUF/Nous-Hermes-2-Mistral-7B-DPO.Q6_K.gguf,Minimal,9,0,9
Public Sector,Voter Registration,NousResearch/Nous-Hermes-2-Mistral-7B-DPO-GGUF/Nous-Hermes-2-Mistral-7B-DPO.Q6_K.gguf,Well-formed,9,0,9
Public Sector,Voter Registration,NousResearch/Nous-Hermes-2-Mistral-7B-DPO-GGUF/Nous-Hermes-2-Mistral-7B-DPO.Q6_K.gguf,Conflict-free,9,0,9
Public Sector,Voter Registration,NousResearch/Nous-Hermes-2-Mistral-7B-DPO-GGUF/Nous-Hermes-2-Mistral-7B-DPO.Q6_K.gguf,Conceptually sound,9,0,9
Public Sector,Voter Registration,NousResearch/Nous-Hermes-2-Mistral-7B-DPO-GGUF/Nous-Hermes-2-Mistral-7B-DPO.Q6_K.gguf,Problem-oriented,9,0,9
Public Sector,Voter Registration,NousResearch/Nous-Hermes-2-Mistral-7B-DPO-GGUF/Nous-Hermes-2-Mistral-7B-DPO.Q6_K.gguf,Unambiguous,9,0,9
Public Sector,Voter Registration,NousResearch/Nous-Hermes-2-Mistral-7B-DPO-GGUF/Nous-Hermes-2-Mistral-7B-DPO.Q6_K.gguf,Complete,9,0,9
Public Sector,Voter Registration,NousResearch/Nous-Hermes-2-Mistral-7B-DPO-GGUF/Nous-Hermes-2-Mistral-7B-DPO.Q6_K.gguf,Explicit dependencies,9,0,9
Public Sector,Voter Registration,NousResearch/Nous-Hermes-2-Mistral-7B-DPO-GGUF/Nous-Hermes-2-Mistral-7B-DPO.Q6_K.gguf,Full sentence,9,0,9
Public Sector,Voter Registration,NousResearch/Nous-Hermes-2-Mistral-7B-DPO-GGUF/Nous-Hermes-2-Mistral-7B-DPO.Q6_K.gguf,Independent,9,0,9
Public Sector,Voter Registration,NousResearch/Nous-Hermes-2-Mistral-7B-DPO-GGUF/Nous-Hermes-2-Mistral-7B-DPO.Q6_K.gguf,Scalable,9,0,9
Public Sector,Voter Registration,NousResearch/Nous-Hermes-2-Mistral-7B-DPO-GGUF/Nous-Hermes-2-Mistral-7B-DPO.Q6_K.gguf,Uniform,9,0,9
Public Sector,Voter Registration,NousResearch/Nous-Hermes-2-Mistral-7B-DPO-GGUF/Nous-Hermes-2-Mistral-7B-DPO.Q6_K.gguf,Unique,9,0,9
Travel & Logistics,Shipment Tracking,NousResearch/Nous-Hermes-2-Mistral-7B-DPO-GGUF/Nous-Hermes-2-Mistral-7B-DPO.Q6_K.gguf,Atomic,14,0,14
Travel & Logistics,Shipment Tracking,NousResearch/Nous-Hermes-2-Mistral-7B-DPO-GGUF/Nous-Hermes-2-Mistral-7B-DPO.Q6_K.gguf,Minimal,0,14,14
Travel & Logistics,Shipment Tracking,NousResearch/Nous-Hermes-2-Mistral-7B-DPO-GGUF/Nous-Hermes-2-Mistral-7B-DPO.Q6_K.gguf,Well-formed,14,0,14
Travel & Logistics,Shipment Tracking,NousResearch/Nous-Hermes-2-Mistral-7B-DPO-GGUF/Nous-Hermes-2-Mistral-7B-DPO.Q6_K.gguf,Conflict-free,14,0,14
Travel & Logistics,Shipment Tracking,NousResearch/Nous-Hermes-2-Mistral-7B-DPO-GGUF/Nous-Hermes-2-Mistral-7B-DPO.Q6_K.gguf,Conceptually sound,14,0,14
Travel & Logistics,Shipment Tracking,NousResearch/Nous-Hermes-2-Mistral-7B-DPO-GGUF/Nous-Hermes-2-Mistral-7B-DPO.Q6_K.gguf,Problem-oriented,14,0,14
Travel & Logistics,Shipment Tracking,NousResearch/Nous-Hermes-2-Mistral-7B-DPO-GGUF/Nous-Hermes-2-Mistral-7B-DPO.Q6_K.gguf,Unambiguous,14,0,14
Travel & Logistics,Shipment Tracking,NousResearch/Nous-Hermes-2-Mistral-7B-DPO-GGUF/Nous-Hermes-2-Mistral-7B-DPO.Q6_K.gguf,Complete,14,0,14
Travel & Logistics,Shipment Tracking,NousResearch/Nous-Hermes-2-Mistral-7B-DPO-GGUF/Nous-Hermes-2-Mistral-7B-DPO.Q6_K.gguf,Explicit dependencies,7,7,14
Travel & Logistics,Shipment Tracking,NousResearch/Nous-Hermes-2-Mistral-7B-DPO-GGUF/Nous-Hermes-2-Mistral-7B-DPO.Q6_K.gguf,Full sentence,14,0,14
Travel & Logistics,Shipment Tracking,NousResearch/Nous-Hermes-2-Mistral-7B-DPO-GGUF/Nous-Hermes-2-Mistral-7B-DPO.Q6_K.gguf,Independent,14,0,14
Travel & Logistics,Shipment Tracking,NousResearch/Nous-Hermes-2-Mistral-7B-DPO-GGUF/Nous-Hermes-2-Mistral-7B-DPO.Q6_K.gguf,Scalable,14,0,14
Travel & Logistics,Shipment Tracking,NousResearch/Nous-Hermes-2-Mistral-7B-DPO-GGUF/Nous-Hermes-2-Mistral-7B-DPO.Q6_K.gguf,Uniform,14,0,14
Travel & Logistics,Shipment Tracking,NousResearch/Nous-Hermes-2-Mistral-7B-DPO-GGUF/Nous-Hermes-2-Mistral-7B-DPO.Q6_K.gguf,Unique,14,0,14
Telecommunications,Service Ticket Resolution,NousResearch/Nous-Hermes-2-Mistral-7B-DPO-GGUF/Nous-Hermes-2-Mistral-7B-DPO.Q6_K.gguf,Atomic,13,0,13
Telecommunications,Service Ticket Resolution,NousResearch/Nous-Hermes-2-Mistral-7B-DPO-GGUF/Nous-Hermes-2-Mistral-7B-DPO.Q6_K.gguf,Minimal,13,0,13
Telecommunications,Service Ticket Resolution,NousResearch/Nous-Hermes-2-Mistral-7B-DPO-GGUF/Nous-Hermes-2-Mistral-7B-DPO.Q6_K.gguf,Well-formed,13,0,13
Telecommunications,Service Ticket Resolution,NousResearch/Nous-Hermes-2-Mistral-7B-DPO-GGUF/Nous-Hermes-2-Mistral-7B-DPO.Q6_K.gguf,Conflict-free,13,0,13
Telecommunications,Service Ticket Resolution,NousResearch/Nous-Hermes-2-Mistral-7B-DPO-GGUF/Nous-Hermes-2-Mistral-7B-DPO.Q6_K.gguf,Conceptually sound,13,0,13
Telecommunications,Service Ticket Resolution,NousResearch/Nous-Hermes-2-Mistral-7B-DPO-GGUF/Nous-Hermes-2-Mistral-7B-DPO.Q6_K.gguf,Problem-oriented,13,0,13
Telecommunications,Service Ticket Resolution,NousResearch/Nous-Hermes-2-Mistral-7B-DPO-GGUF/Nous-Hermes-2-Mistral-7B-DPO.Q6_K.gguf,Unambiguous,13,0,13
Telecommunications,Service Ticket Resolution,NousResearch/Nous-Hermes-2-Mistral-7B-DPO-GGUF/Nous-Hermes-2-Mistral-7B-DPO.Q6_K.gguf,Complete,13,0,13
Telecommunications,Service Ticket Resolution,NousResearch/Nous-Hermes-2-Mistral-7B-DPO-GGUF/Nous-Hermes-2-Mistral-7B-DPO.Q6_K.gguf,Explicit dependencies,13,0,13
Telecommunications,Service Ticket Resolution,NousResearch/Nous-Hermes-2-Mistral-7B-DPO-GGUF/Nous-Hermes-2-Mistral-7B-DPO.Q6_K.gguf,Full sentence,13,0,13
Telecommunications,Service Ticket Resolution,NousResearch/Nous-Hermes-2-Mistral-7B-DPO-GGUF/Nous-Hermes-2-Mistral-7B-DPO.Q6_K.gguf,Independent,13,0,13
Telecommunications,Service Ticket Resolution,NousResearch/Nous-Hermes-2-Mistral-7B-DPO-GGUF/Nous-Hermes-2-Mistral-7B-DPO.Q6_K.gguf,Scalable,13,0,13
Telecommunications,Service Ticket Resolution,NousResearch/Nous-Hermes-2-Mistral-7B-DPO-GGUF/Nous-Hermes-2-Mistral-7B-DPO.Q6_K.gguf,Uniform,13,0,13
Telecommunications,Service Ticket Resolution,NousResearch/Nous-Hermes-2-Mistral-7B-DPO-GGUF/Nous-Hermes-2-Mistral-7B-DPO.Q6_K.gguf,Unique,13,0,13
Corporate IT,Software Update Deployment,NousResearch/Nous-Hermes-2-Mistral-7B-DPO-GGUF/Nous-Hermes-2-Mistral-7B-DPO.Q6_K.gguf,Atomic,11,0,11
Corporate IT,Software Update Deployment,NousResearch/Nous-Hermes-2-Mistral-7B-DPO-GGUF/Nous-Hermes-2-Mistral-7B-DPO.Q6_K.gguf,Minimal,11,0,11
Corporate IT,Software Update Deployment,NousResearch/Nous-Hermes-2-Mistral-7B-DPO-GGUF/Nous-Hermes-2-Mistral-7B-DPO.Q6_K.gguf,Well-formed,11,0,11
Corporate IT,Software Update Deployment,NousResearch/Nous-Hermes-2-Mistral-7B-DPO-GGUF/Nous-Hermes-2-Mistral-7B-DPO.Q6_K.gguf,Conflict-free,11,0,11
Corporate IT,Software Update Deployment,NousResearch/Nous-Hermes-2-Mistral-7B-DPO-GGUF/Nous-Hermes-2-Mistral-7B-DPO.Q6_K.gguf,Conceptually sound,11,0,11
Corporate IT,Software Update Deployment,NousResearch/Nous-Hermes-2-Mistral-7B-DPO-GGUF/Nous-Hermes-2-Mistral-7B-DPO.Q6_K.gguf,Problem-oriented,11,0,11
Corporate IT,Software Update Deployment,NousResearch/Nous-Hermes-2-Mistral-7B-DPO-GGUF/Nous-Hermes-2-Mistral-7B-DPO.Q6_K.gguf,Unambiguous,11,0,11
Corporate IT,Software Update Deployment,NousResearch/Nous-Hermes-2-Mistral-7B-DPO-GGUF/Nous-Hermes-2-Mistral-7B-DPO.Q6_K.gguf,Complete,11,0,11
Corporate IT,Software Update Deployment,NousResearch/Nous-Hermes-2-Mistral-7B-DPO-GGUF/Nous-Hermes-2-Mistral-7B-DPO.Q6_K.gguf,Explicit dependencies,11,0,11
Corporate IT,Software Update Deployment,NousResearch/Nous-Hermes-2-Mistral-7B-DPO-GGUF/Nous-Hermes-2-Mistral-7B-DPO.Q6_K.gguf,Full sentence,11,0,11
Corporate IT,Software Update Deployment,NousResearch/Nous-Hermes-2-Mistral-7B-DPO-GGUF/Nous-Hermes-2-Mistral-7B-DPO.Q6_K.gguf,Independent,11,0,11
Corporate IT,Software Update Deployment,NousResearch/Nous-Hermes-2-Mistral-7B-DPO-GGUF/Nous-Hermes-2-Mistral-7B-DPO.Q6_K.gguf,Scalable,11,0,11
Corporate IT,Software Update Deployment,NousResearch/Nous-Hermes-2-Mistral-7B-DPO-GGUF/Nous-Hermes-2-Mistral-7B-DPO.Q6_K.gguf,Uniform,11,0,11
Corporate IT,Software Update Deployment,NousResearch/Nous-Hermes-2-Mistral-7B-DPO-GGUF/Nous-Hermes-2-Mistral-7B-DPO.Q6_K.gguf,Unique,11,0,11
Consumer Products | New Data Solutions,Purchase Data Analysis,NousResearch/Nous-Hermes-2-Mistral-7B-DPO-GGUF/Nous-Hermes-2-Mistral-7B-DPO.Q6_K.gguf,Atomic,8,2,10
Consumer Products | New Data Solutions,Purchase Data Analysis,NousResearch/Nous-Hermes-2-Mistral-7B-DPO-GGUF/Nous-Hermes-2-Mistral-7B-DPO.Q6_K.gguf,Minimal,0,10,10
Consumer Products | New Data Solutions,Purchase Data Analysis,NousResearch/Nous-Hermes-2-Mistral-7B-DPO-GGUF/Nous-Hermes-2-Mistral-7B-DPO.Q6_K.gguf,Well-formed,10,0,10
Consumer Products | New Data Solutions,Purchase Data Analysis,NousResearch/Nous-Hermes-2-Mistral-7B-DPO-GGUF/Nous-Hermes-2-Mistral-7B-DPO.Q6_K.gguf,Conflict-free,10,0,10
Consumer Products | New Data Solutions,Purchase Data Analysis,NousResearch/Nous-Hermes-2-Mistral-7B-DPO-GGUF/Nous-Hermes-2-Mistral-7B-DPO.Q6_K.gguf,Conceptually sound,0,10,10
Consumer Products | New Data Solutions,Purchase Data Analysis,NousResearch/Nous-Hermes-2-Mistral-7B-DPO-GGUF/Nous-Hermes-2-Mistral-7B-DPO.Q6_K.gguf,Problem-oriented,10,0,10
Consumer Products | New Data Solutions,Purchase Data Analysis,NousResearch/Nous-Hermes-2-Mistral-7B-DPO-GGUF/Nous-Hermes-2-Mistral-7B-DPO.Q6_K.gguf,Unambiguous,0,10,10
Consumer Products | New Data Solutions,Purchase Data Analysis,NousResearch/Nous-Hermes-2-Mistral-7B-DPO-GGUF/Nous-Hermes-2-Mistral-7B-DPO.Q6_K.gguf,Complete,0,10,10
Consumer Products | New Data Solutions,Purchase Data Analysis,NousResearch/Nous-Hermes-2-Mistral-7B-DPO-GGUF/Nous-Hermes-2-Mistral-7B-DPO.Q6_K.gguf,Explicit dependencies,0,10,10
Consumer Products | New Data Solutions,Purchase Data Analysis,NousResearch/Nous-Hermes-2-Mistral-7B-DPO-GGUF/Nous-Hermes-2-Mistral-7B-DPO.Q6_K.gguf,Full sentence,0,10,10
Consumer Products | New Data Solutions,Purchase Data Analysis,NousResearch/Nous-Hermes-2-Mistral-7B-DPO-GGUF/Nous-Hermes-2-Mistral-7B-DPO.Q6_K.gguf,Independent,10,0,10
Consumer Products | New Data Solutions,Purchase Data Analysis,NousResearch/Nous-Hermes-2-Mistral-7B-DPO-GGUF/Nous-Hermes-2-Mistral-7B-DPO.Q6_K.gguf,Scalable,0,10,10
Consumer Products | New Data Solutions,Purchase Data Analysis,NousResearch/Nous-Hermes-2-Mistral-7B-DPO-GGUF/Nous-Hermes-2-Mistral-7B-DPO.Q6_K.gguf,Uniform,0,10,10
Consumer Products | New Data Solutions,Purchase Data Analysis,NousResearch/Nous-Hermes-2-Mistral-7B-DPO-GGUF/Nous-Hermes-2-Mistral-7B-DPO.Q6_K.gguf,Unique,10,0,10
Automotive,Parts Supplier Management,lmstudio-ai/gemma-2b-it-GGUF/gemma-2b-it-q8_0.gguf,Atomic,4,0,4
Automotive,Parts Supplier Management,lmstudio-ai/gemma-2b-it-GGUF/gemma-2b-it-q8_0.gguf,Minimal,0,4,4
Automotive,Parts Supplier Management,lmstudio-ai/gemma-2b-it-GGUF/gemma-2b-it-q8_0.gguf,Well-formed,4,0,4
Automotive,Parts Supplier Management,lmstudio-ai/gemma-2b-it-GGUF/gemma-2b-it-q8_0.gguf,Conflict-free,4,0,4
Automotive,Parts Supplier Management,lmstudio-ai/gemma-2b-it-GGUF/gemma-2b-it-q8_0.gguf,Conceptually sound,4,0,4
Automotive,Parts Supplier Management,lmstudio-ai/gemma-2b-it-GGUF/gemma-2b-it-q8_0.gguf,Problem-oriented,4,0,4
Automotive,Parts Supplier Management,lmstudio-ai/gemma-2b-it-GGUF/gemma-2b-it-q8_0.gguf,Unambiguous,4,0,4
Automotive,Parts Supplier Management,lmstudio-ai/gemma-2b-it-GGUF/gemma-2b-it-q8_0.gguf,Complete,4,0,4
Automotive,Parts Supplier Management,lmstudio-ai/gemma-2b-it-GGUF/gemma-2b-it-q8_0.gguf,Explicit dependencies,4,0,4
Automotive,Parts Supplier Management,lmstudio-ai/gemma-2b-it-GGUF/gemma-2b-it-q8_0.gguf,Full sentence,4,0,4
Automotive,Parts Supplier Management,lmstudio-ai/gemma-2b-it-GGUF/gemma-2b-it-q8_0.gguf,Independent,4,0,4
Automotive,Parts Supplier Management,lmstudio-ai/gemma-2b-it-GGUF/gemma-2b-it-q8_0.gguf,Scalable,4,0,4
Automotive,Parts Supplier Management,lmstudio-ai/gemma-2b-it-GGUF/gemma-2b-it-q8_0.gguf,Uniform,4,0,4
Automotive,Parts Supplier Management,lmstudio-ai/gemma-2b-it-GGUF/gemma-2b-it-q8_0.gguf,Unique,4,0,4
Food,Production Line Monitoring,lmstudio-ai/gemma-2b-it-GGUF/gemma-2b-it-q8_0.gguf,Atomic,8,0,8
Food,Production Line Monitoring,lmstudio-ai/gemma-2b-it-GGUF/gemma-2b-it-q8_0.gguf,Minimal,8,0,8
Food,Production Line Monitoring,lmstudio-ai/gemma-2b-it-GGUF/gemma-2b-it-q8_0.gguf,Well-formed,8,0,8
Food,Production Line Monitoring,lmstudio-ai/gemma-2b-it-GGUF/gemma-2b-it-q8_0.gguf,Conflict-free,8,0,8
Food,Production Line Monitoring,lmstudio-ai/gemma-2b-it-GGUF/gemma-2b-it-q8_0.gguf,Conceptually sound,8,0,8
Food,Production Line Monitoring,lmstudio-ai/gemma-2b-it-GGUF/gemma-2b-it-q8_0.gguf,Problem-oriented,8,0,8
Food,Production Line Monitoring,lmstudio-ai/gemma-2b-it-GGUF/gemma-2b-it-q8_0.gguf,Unambiguous,8,0,8
Food,Production Line Monitoring,lmstudio-ai/gemma-2b-it-GGUF/gemma-2b-it-q8_0.gguf,Complete,8,0,8
Food,Production Line Monitoring,lmstudio-ai/gemma-2b-it-GGUF/gemma-2b-it-q8_0.gguf,Explicit dependencies,8,0,8
Food,Production Line Monitoring,lmstudio-ai/gemma-2b-it-GGUF/gemma-2b-it-q8_0.gguf,Full sentence,8,0,8
Food,Production Line Monitoring,lmstudio-ai/gemma-2b-it-GGUF/gemma-2b-it-q8_0.gguf,Independent,8,0,8
Food,Production Line Monitoring,lmstudio-ai/gemma-2b-it-GGUF/gemma-2b-it-q8_0.gguf,Scalable,8,0,8
Food,Production Line Monitoring,lmstudio-ai/gemma-2b-it-GGUF/gemma-2b-it-q8_0.gguf,Uniform,8,0,8
Food,Production Line Monitoring,lmstudio-ai/gemma-2b-it-GGUF/gemma-2b-it-q8_0.gguf,Unique,8,0,8
Banking,Loan Processing,lmstudio-ai/gemma-2b-it-GGUF/gemma-2b-it-q8_0.gguf,Atomic,8,0,8
Banking,Loan Processing,lmstudio-ai/gemma-2b-it-GGUF/gemma-2b-it-q8_0.gguf,Minimal,0,8,8
Banking,Loan Processing,lmstudio-ai/gemma-2b-it-GGUF/gemma-2b-it-q8_0.gguf,Well-formed,8,0,8
Banking,Loan Processing,lmstudio-ai/gemma-2b-it-GGUF/gemma-2b-it-q8_0.gguf,Conflict-free,8,0,8
Banking,Loan Processing,lmstudio-ai/gemma-2b-it-GGUF/gemma-2b-it-q8_0.gguf,Conceptually sound,8,0,8
Banking,Loan Processing,lmstudio-ai/gemma-2b-it-GGUF/gemma-2b-it-q8_0.gguf,Problem-oriented,8,0,8
Banking,Loan Processing,lmstudio-ai/gemma-2b-it-GGUF/gemma-2b-it-q8_0.gguf,Unambiguous,5,3,8
Banking,Loan Processing,lmstudio-ai/gemma-2b-it-GGUF/gemma-2b-it-q8_0.gguf,Complete,0,8,8
Banking,Loan Processing,lmstudio-ai/gemma-2b-it-GGUF/gemma-2b-it-q8_0.gguf,Explicit dependencies,3,5,8
Banking,Loan Processing,lmstudio-ai/gemma-2b-it-GGUF/gemma-2b-it-q8_0.gguf,Full sentence,8,0,8
Banking,Loan Processing,lmstudio-ai/gemma-2b-it-GGUF/gemma-2b-it-q8_0.gguf,Independent,8,0,8
Banking,Loan Processing,lmstudio-ai/gemma-2b-it-GGUF/gemma-2b-it-q8_0.gguf,Scalable,8,0,8
Banking,Loan Processing,lmstudio-ai/gemma-2b-it-GGUF/gemma-2b-it-q8_0.gguf,Uniform,8,0,8
Banking,Loan Processing,lmstudio-ai/gemma-2b-it-GGUF/gemma-2b-it-q8_0.gguf,Unique,8,0,8
Insurance,Claim Filing,lmstudio-ai/gemma-2b-it-GGUF/gemma-2b-it-q8_0.gguf,Atomic,7,0,7
Insurance,Claim Filing,lmstudio-ai/gemma-2b-it-GGUF/gemma-2b-it-q8_0.gguf,Minimal,7,0,7
Insurance,Claim Filing,lmstudio-ai/gemma-2b-it-GGUF/gemma-2b-it-q8_0.gguf,Well-formed,7,0,7
Insurance,Claim Filing,lmstudio-ai/gemma-2b-it-GGUF/gemma-2b-it-q8_0.gguf,Conflict-free,7,0,7
Insurance,Claim Filing,lmstudio-ai/gemma-2b-it-GGUF/gemma-2b-it-q8_0.gguf,Conceptually sound,5,2,7
Insurance,Claim Filing,lmstudio-ai/gemma-2b-it-GGUF/gemma-2b-it-q8_0.gguf,Problem-oriented,7,0,7
Insurance,Claim Filing,lmstudio-ai/gemma-2b-it-GGUF/gemma-2b-it-q8_0.gguf,Unambiguous,7,0,7
Insurance,Claim Filing,lmstudio-ai/gemma-2b-it-GGUF/gemma-2b-it-q8_0.gguf,Complete,5,2,7
Insurance,Claim Filing,lmstudio-ai/gemma-2b-it-GGUF/gemma-2b-it-q8_0.gguf,Explicit dependencies,5,2,7
Insurance,Claim Filing,lmstudio-ai/gemma-2b-it-GGUF/gemma-2b-it-q8_0.gguf,Full sentence,7,0,7
Insurance,Claim Filing,lmstudio-ai/gemma-2b-it-GGUF/gemma-2b-it-q8_0.gguf,Independent,7,0,7
Insurance,Claim Filing,lmstudio-ai/gemma-2b-it-GGUF/gemma-2b-it-q8_0.gguf,Scalable,7,0,7
Insurance,Claim Filing,lmstudio-ai/gemma-2b-it-GGUF/gemma-2b-it-q8_0.gguf,Uniform,7,0,7
Insurance,Claim Filing,lmstudio-ai/gemma-2b-it-GGUF/gemma-2b-it-q8_0.gguf,Unique,7,0,7
Healthcare,Patient Appointment,lmstudio-ai/gemma-2b-it-GGUF/gemma-2b-it-q8_0.gguf,Atomic,8,0,8
Healthcare,Patient Appointment,lmstudio-ai/gemma-2b-it-GGUF/gemma-2b-it-q8_0.gguf,Minimal,0,8,8
Healthcare,Patient Appointment,lmstudio-ai/gemma-2b-it-GGUF/gemma-2b-it-q8_0.gguf,Well-formed,8,0,8
Healthcare,Patient Appointment,lmstudio-ai/gemma-2b-it-GGUF/gemma-2b-it-q8_0.gguf,Conflict-free,8,0,8
Healthcare,Patient Appointment,lmstudio-ai/gemma-2b-it-GGUF/gemma-2b-it-q8_0.gguf,Conceptually sound,8,0,8
Healthcare,Patient Appointment,lmstudio-ai/gemma-2b-it-GGUF/gemma-2b-it-q8_0.gguf,Problem-oriented,8,0,8
Healthcare,Patient Appointment,lmstudio-ai/gemma-2b-it-GGUF/gemma-2b-it-q8_0.gguf,Unambiguous,8,0,8
Healthcare,Patient Appointment,lmstudio-ai/gemma-2b-it-GGUF/gemma-2b-it-q8_0.gguf,Complete,8,0,8
Healthcare,Patient Appointment,lmstudio-ai/gemma-2b-it-GGUF/gemma-2b-it-q8_0.gguf,Explicit dependencies,8,0,8
Healthcare,Patient Appointment,lmstudio-ai/gemma-2b-it-GGUF/gemma-2b-it-q8_0.gguf,Full sentence,8,0,8
Healthcare,Patient Appointment,lmstudio-ai/gemma-2b-it-GGUF/gemma-2b-it-q8_0.gguf,Independent,8,0,8
Healthcare,Patient Appointment,lmstudio-ai/gemma-2b-it-GGUF/gemma-2b-it-q8_0.gguf,Scalable,8,0,8
Healthcare,Patient Appointment,lmstudio-ai/gemma-2b-it-GGUF/gemma-2b-it-q8_0.gguf,Uniform,8,0,8
Healthcare,Patient Appointment,lmstudio-ai/gemma-2b-it-GGUF/gemma-2b-it-q8_0.gguf,Unique,8,0,8
Public Sector,Voter Registration,lmstudio-ai/gemma-2b-it-GGUF/gemma-2b-it-q8_0.gguf,Atomic,7,1,8
Public Sector,Voter Registration,lmstudio-ai/gemma-2b-it-GGUF/gemma-2b-it-q8_0.gguf,Minimal,8,0,8
Public Sector,Voter Registration,lmstudio-ai/gemma-2b-it-GGUF/gemma-2b-it-q8_0.gguf,Well-formed,8,0,8
Public Sector,Voter Registration,lmstudio-ai/gemma-2b-it-GGUF/gemma-2b-it-q8_0.gguf,Conflict-free,8,0,8
Public Sector,Voter Registration,lmstudio-ai/gemma-2b-it-GGUF/gemma-2b-it-q8_0.gguf,Conceptually sound,8,0,8
Public Sector,Voter Registration,lmstudio-ai/gemma-2b-it-GGUF/gemma-2b-it-q8_0.gguf,Problem-oriented,8,0,8
Public Sector,Voter Registration,lmstudio-ai/gemma-2b-it-GGUF/gemma-2b-it-q8_0.gguf,Unambiguous,8,0,8
Public Sector,Voter Registration,lmstudio-ai/gemma-2b-it-GGUF/gemma-2b-it-q8_0.gguf,Complete,8,0,8
Public Sector,Voter Registration,lmstudio-ai/gemma-2b-it-GGUF/gemma-2b-it-q8_0.gguf,Explicit dependencies,8,0,8
Public Sector,Voter Registration,lmstudio-ai/gemma-2b-it-GGUF/gemma-2b-it-q8_0.gguf,Full sentence,8,0,8
Public Sector,Voter Registration,lmstudio-ai/gemma-2b-it-GGUF/gemma-2b-it-q8_0.gguf,Independent,8,0,8
Public Sector,Voter Registration,lmstudio-ai/gemma-2b-it-GGUF/gemma-2b-it-q8_0.gguf,Scalable,8,0,8
Public Sector,Voter Registration,lmstudio-ai/gemma-2b-it-GGUF/gemma-2b-it-q8_0.gguf,Uniform,8,0,8
Public Sector,Voter Registration,lmstudio-ai/gemma-2b-it-GGUF/gemma-2b-it-q8_0.gguf,Unique,8,0,8
Travel & Logistics,Shipment Tracking,lmstudio-ai/gemma-2b-it-GGUF/gemma-2b-it-q8_0.gguf,Atomic,6,0,6
Travel & Logistics,Shipment Tracking,lmstudio-ai/gemma-2b-it-GGUF/gemma-2b-it-q8_0.gguf,Minimal,6,0,6
Travel & Logistics,Shipment Tracking,lmstudio-ai/gemma-2b-it-GGUF/gemma-2b-it-q8_0.gguf,Well-formed,6,0,6
Travel & Logistics,Shipment Tracking,lmstudio-ai/gemma-2b-it-GGUF/gemma-2b-it-q8_0.gguf,Conflict-free,6,0,6
Travel & Logistics,Shipment Tracking,lmstudio-ai/gemma-2b-it-GGUF/gemma-2b-it-q8_0.gguf,Conceptually sound,6,0,6
Travel & Logistics,Shipment Tracking,lmstudio-ai/gemma-2b-it-GGUF/gemma-2b-it-q8_0.gguf,Problem-oriented,6,0,6
Travel & Logistics,Shipment Tracking,lmstudio-ai/gemma-2b-it-GGUF/gemma-2b-it-q8_0.gguf,Unambiguous,6,0,6
Travel & Logistics,Shipment Tracking,lmstudio-ai/gemma-2b-it-GGUF/gemma-2b-it-q8_0.gguf,Complete,6,0,6
Travel & Logistics,Shipment Tracking,lmstudio-ai/gemma-2b-it-GGUF/gemma-2b-it-q8_0.gguf,Explicit dependencies,6,0,6
Travel & Logistics,Shipment Tracking,lmstudio-ai/gemma-2b-it-GGUF/gemma-2b-it-q8_0.gguf,Full sentence,6,0,6
Travel & Logistics,Shipment Tracking,lmstudio-ai/gemma-2b-it-GGUF/gemma-2b-it-q8_0.gguf,Independent,6,0,6
Travel & Logistics,Shipment Tracking,lmstudio-ai/gemma-2b-it-GGUF/gemma-2b-it-q8_0.gguf,Scalable,6,0,6
Travel & Logistics,Shipment Tracking,lmstudio-ai/gemma-2b-it-GGUF/gemma-2b-it-q8_0.gguf,Uniform,6,0,6
Travel & Logistics,Shipment Tracking,lmstudio-ai/gemma-2b-it-GGUF/gemma-2b-it-q8_0.gguf,Unique,6,0,6
Telecommunications,Service Ticket Resolution,lmstudio-ai/gemma-2b-it-GGUF/gemma-2b-it-q8_0.gguf,Atomic,9,0,9
Telecommunications,Service Ticket Resolution,lmstudio-ai/gemma-2b-it-GGUF/gemma-2b-it-q8_0.gguf,Minimal,9,0,9
Telecommunications,Service Ticket Resolution,lmstudio-ai/gemma-2b-it-GGUF/gemma-2b-it-q8_0.gguf,Well-formed,9,0,9
Telecommunications,Service Ticket Resolution,lmstudio-ai/gemma-2b-it-GGUF/gemma-2b-it-q8_0.gguf,Conflict-free,9,0,9
Telecommunications,Service Ticket Resolution,lmstudio-ai/gemma-2b-it-GGUF/gemma-2b-it-q8_0.gguf,Conceptually sound,9,0,9
Telecommunications,Service Ticket Resolution,lmstudio-ai/gemma-2b-it-GGUF/gemma-2b-it-q8_0.gguf,Problem-oriented,9,0,9
Telecommunications,Service Ticket Resolution,lmstudio-ai/gemma-2b-it-GGUF/gemma-2b-it-q8_0.gguf,Unambiguous,9,0,9
Telecommunications,Service Ticket Resolution,lmstudio-ai/gemma-2b-it-GGUF/gemma-2b-it-q8_0.gguf,Complete,6,3,9
Telecommunications,Service Ticket Resolution,lmstudio-ai/gemma-2b-it-GGUF/gemma-2b-it-q8_0.gguf,Explicit dependencies,6,3,9
Telecommunications,Service Ticket Resolution,lmstudio-ai/gemma-2b-it-GGUF/gemma-2b-it-q8_0.gguf,Full sentence,9,0,9
Telecommunications,Service Ticket Resolution,lmstudio-ai/gemma-2b-it-GGUF/gemma-2b-it-q8_0.gguf,Independent,9,0,9
Telecommunications,Service Ticket Resolution,lmstudio-ai/gemma-2b-it-GGUF/gemma-2b-it-q8_0.gguf,Scalable,9,0,9
Telecommunications,Service Ticket Resolution,lmstudio-ai/gemma-2b-it-GGUF/gemma-2b-it-q8_0.gguf,Uniform,9,0,9
Telecommunications,Service Ticket Resolution,lmstudio-ai/gemma-2b-it-GGUF/gemma-2b-it-q8_0.gguf,Unique,9,0,9
Corporate IT,Software Update Deployment,lmstudio-ai/gemma-2b-it-GGUF/gemma-2b-it-q8_0.gguf,Atomic,6,0,6
Corporate IT,Software Update Deployment,lmstudio-ai/gemma-2b-it-GGUF/gemma-2b-it-q8_0.gguf,Minimal,0,6,6
Corporate IT,Software Update Deployment,lmstudio-ai/gemma-2b-it-GGUF/gemma-2b-it-q8_0.gguf,Well-formed,6,0,6
Corporate IT,Software Update Deployment,lmstudio-ai/gemma-2b-it-GGUF/gemma-2b-it-q8_0.gguf,Conflict-free,6,0,6
Corporate IT,Software Update Deployment,lmstudio-ai/gemma-2b-it-GGUF/gemma-2b-it-q8_0.gguf,Conceptually sound,6,0,6
Corporate IT,Software Update Deployment,lmstudio-ai/gemma-2b-it-GGUF/gemma-2b-it-q8_0.gguf,Problem-oriented,6,0,6
Corporate IT,Software Update Deployment,lmstudio-ai/gemma-2b-it-GGUF/gemma-2b-it-q8_0.gguf,Unambiguous,5,1,6
Corporate IT,Software Update Deployment,lmstudio-ai/gemma-2b-it-GGUF/gemma-2b-it-q8_0.gguf,Complete,0,6,6
Corporate IT,Software Update Deployment,lmstudio-ai/gemma-2b-it-GGUF/gemma-2b-it-q8_0.gguf,Explicit dependencies,6,0,6
Corporate IT,Software Update Deployment,lmstudio-ai/gemma-2b-it-GGUF/gemma-2b-it-q8_0.gguf,Full sentence,6,0,6
Corporate IT,Software Update Deployment,lmstudio-ai/gemma-2b-it-GGUF/gemma-2b-it-q8_0.gguf,Independent,6,0,6
Corporate IT,Software Update Deployment,lmstudio-ai/gemma-2b-it-GGUF/gemma-2b-it-q8_0.gguf,Scalable,5,1,6
Corporate IT,Software Update Deployment,lmstudio-ai/gemma-2b-it-GGUF/gemma-2b-it-q8_0.gguf,Uniform,0,6,6
Corporate IT,Software Update Deployment,lmstudio-ai/gemma-2b-it-GGUF/gemma-2b-it-q8_0.gguf,Unique,6,0,6
Consumer Products | New Data Solutions,Purchase Data Analysis,lmstudio-ai/gemma-2b-it-GGUF/gemma-2b-it-q8_0.gguf,Atomic,5,0,5
Consumer Products | New Data Solutions,Purchase Data Analysis,lmstudio-ai/gemma-2b-it-GGUF/gemma-2b-it-q8_0.gguf,Minimal,0,5,5
Consumer Products | New Data Solutions,Purchase Data Analysis,lmstudio-ai/gemma-2b-it-GGUF/gemma-2b-it-q8_0.gguf,Well-formed,5,0,5
Consumer Products | New Data Solutions,Purchase Data Analysis,lmstudio-ai/gemma-2b-it-GGUF/gemma-2b-it-q8_0.gguf,Conflict-free,5,0,5
Consumer Products | New Data Solutions,Purchase Data Analysis,lmstudio-ai/gemma-2b-it-GGUF/gemma-2b-it-q8_0.gguf,Conceptually sound,0,5,5
Consumer Products | New Data Solutions,Purchase Data Analysis,lmstudio-ai/gemma-2b-it-GGUF/gemma-2b-it-q8_0.gguf,Problem-oriented,5,0,5
Consumer Products | New Data Solutions,Purchase Data Analysis,lmstudio-ai/gemma-2b-it-GGUF/gemma-2b-it-q8_0.gguf,Unambiguous,0,5,5
Consumer Products | New Data Solutions,Purchase Data Analysis,lmstudio-ai/gemma-2b-it-GGUF/gemma-2b-it-q8_0.gguf,Complete,0,5,5
Consumer Products | New Data Solutions,Purchase Data Analysis,lmstudio-ai/gemma-2b-it-GGUF/gemma-2b-it-q8_0.gguf,Explicit dependencies,0,5,5
Consumer Products | New Data Solutions,Purchase Data Analysis,lmstudio-ai/gemma-2b-it-GGUF/gemma-2b-it-q8_0.gguf,Full sentence,5,0,5
Consumer Products | New Data Solutions,Purchase Data Analysis,lmstudio-ai/gemma-2b-it-GGUF/gemma-2b-it-q8_0.gguf,Independent,4,1,5
Consumer Products | New Data Solutions,Purchase Data Analysis,lmstudio-ai/gemma-2b-it-GGUF/gemma-2b-it-q8_0.gguf,Scalable,0,5,5
Consumer Products | New Data Solutions,Purchase Data Analysis,lmstudio-ai/gemma-2b-it-GGUF/gemma-2b-it-q8_0.gguf,Uniform,0,5,5
Consumer Products | New Data Solutions,Purchase Data Analysis,lmstudio-ai/gemma-2b-it-GGUF/gemma-2b-it-q8_0.gguf,Unique,5,0,5
